2026-01-28 07:41:06,345 - INFO - test_verify_Credkart_url_001 - 42 - Testcase test_verify_Credkart_url_001 is started
2026-01-28 07:41:07,444 - INFO - test_verify_Credkart_url_001 - 44 - Opening browser and getting https://automation.credence.in/login
2026-01-28 07:41:07,444 - INFO - test_verify_Credkart_url_001 - 45 - Checking driver title
2026-01-28 07:41:07,452 - INFO - test_verify_Credkart_url_001 - 47 - Testcase test_verify_Credkart_url_001 is passed
2026-01-28 07:41:07,452 - INFO - test_verify_Credkart_url_001 - 48 - Taking screenshot
2026-01-28 07:41:07,630 - INFO - test_verify_Credkart_url_001 - 55 - Testcase test_verify_Credkart_url_001 is completed
2026-01-28 07:41:07,633 - INFO - test_Credkart_login_002 - 59 - Testcase test_Credkart_login_002 is started
2026-01-28 07:41:08,370 - INFO - test_Credkart_login_002 - 61 - Opening browser and getting https://automation.credence.in/login
2026-01-28 07:41:08,370 - INFO - test_Credkart_login_002 - 70 - Entering the Email Credencetest@test.com
2026-01-28 07:41:08,445 - INFO - test_Credkart_login_002 - 77 - Entering the password
2026-01-28 07:41:08,497 - INFO - test_Credkart_login_002 - 83 - Clicking on login button
2026-01-28 07:41:11,688 - INFO - test_Credkart_login_002 - 103 - Checking the login status
2026-01-28 07:41:11,797 - INFO - test_Credkart_login_002 - 105 - User login successful and taking screenshot
2026-01-28 07:41:11,870 - INFO - test_Credkart_login_002 - 107 - Clicking on menu button
2026-01-28 07:41:11,945 - INFO - test_Credkart_login_002 - 109 - Clicking on logout button
2026-01-28 07:41:13,036 - INFO - test_Credkart_login_002 - 115 - Testcase test_Credkart_login_002 is completed
2026-01-28 07:41:13,037 - INFO - test_Credkart_registration_003 - 118 - Testcase test_Credkart_login_002 is started
2026-01-28 07:41:13,385 - INFO - test_Credkart_registration_003 - 120 - Opening browser and getting https://automation.credence.in/register
2026-01-28 07:41:13,390 - INFO - test_Credkart_registration_003 - 123 - Generated fake data for username--> smccormick and email --> william89@example.net
2026-01-28 07:41:13,390 - INFO - test_Credkart_registration_003 - 127 - Entering the Username--> smccormick
2026-01-28 07:41:13,423 - INFO - test_Credkart_registration_003 - 130 - Entering the Email--> william89@example.net
2026-01-28 07:41:13,456 - INFO - test_Credkart_registration_003 - 133 - Entering the Password
2026-01-28 07:41:13,490 - INFO - test_Credkart_registration_003 - 136 - Entering the Confirm Password
2026-01-28 07:41:13,529 - INFO - test_Credkart_registration_003 - 139 - Clicking on register button
2026-01-28 07:41:18,597 - INFO - test_Credkart_registration_003 - 149 - User registration fail and taking screenshot
2026-01-28 07:42:19,274 - INFO - test_verify_Credkart_url_001 - 42 - Testcase test_verify_Credkart_url_001 is started
2026-01-28 07:42:20,868 - INFO - test_verify_Credkart_url_001 - 44 - Opening browser and getting https://automation.credence.in/login
2026-01-28 07:42:20,869 - INFO - test_verify_Credkart_url_001 - 45 - Checking driver title
2026-01-28 07:42:20,890 - INFO - test_verify_Credkart_url_001 - 47 - Testcase test_verify_Credkart_url_001 is passed
2026-01-28 07:42:20,891 - INFO - test_verify_Credkart_url_001 - 48 - Taking screenshot
2026-01-28 07:42:21,371 - INFO - test_verify_Credkart_url_001 - 55 - Testcase test_verify_Credkart_url_001 is completed
2026-01-28 07:42:21,378 - INFO - test_Credkart_login_002 - 59 - Testcase test_Credkart_login_002 is started
2026-01-28 07:42:22,106 - INFO - test_Credkart_login_002 - 61 - Opening browser and getting https://automation.credence.in/login
2026-01-28 07:42:22,106 - INFO - test_Credkart_login_002 - 70 - Entering the Email Credencetest@test.com
2026-01-28 07:42:22,220 - INFO - test_Credkart_login_002 - 77 - Entering the password
2026-01-28 07:42:22,311 - INFO - test_Credkart_login_002 - 83 - Clicking on login button
2026-01-28 07:42:24,914 - INFO - test_Credkart_login_002 - 103 - Checking the login status
2026-01-28 07:42:24,955 - INFO - test_Credkart_login_002 - 105 - User login successful and taking screenshot
2026-01-28 07:42:25,155 - INFO - test_Credkart_login_002 - 107 - Clicking on menu button
2026-01-28 07:42:25,230 - INFO - test_Credkart_login_002 - 109 - Clicking on logout button
2026-01-28 07:42:26,347 - INFO - test_Credkart_login_002 - 115 - Testcase test_Credkart_login_002 is completed
2026-01-28 07:42:26,349 - INFO - test_Credkart_registration_003 - 118 - Testcase test_Credkart_login_002 is started
2026-01-28 07:42:26,695 - INFO - test_Credkart_registration_003 - 120 - Opening browser and getting https://automation.credence.in/register
2026-01-28 07:42:26,700 - INFO - test_Credkart_registration_003 - 123 - Generated fake data for username--> linda04 and email --> badams@example.org
2026-01-28 07:42:26,700 - INFO - test_Credkart_registration_003 - 127 - Entering the Username--> linda04
2026-01-28 07:42:26,747 - INFO - test_Credkart_registration_003 - 130 - Entering the Email--> badams@example.org
2026-01-28 07:42:26,799 - INFO - test_Credkart_registration_003 - 133 - Entering the Password
2026-01-28 07:42:26,854 - INFO - test_Credkart_registration_003 - 136 - Entering the Confirm Password
2026-01-28 07:42:26,912 - INFO - test_Credkart_registration_003 - 139 - Clicking on register button
2026-01-28 07:42:32,059 - INFO - test_Credkart_registration_003 - 149 - User registration fail and taking screenshot
2026-01-28 07:42:57,072 - INFO - test_verify_Credkart_url_001 - 42 - Testcase test_verify_Credkart_url_001 is started
2026-01-28 07:42:58,185 - INFO - test_verify_Credkart_url_001 - 44 - Opening browser and getting https://automation.credence.in/login
2026-01-28 07:42:58,186 - INFO - test_verify_Credkart_url_001 - 45 - Checking driver title
2026-01-28 07:42:58,395 - INFO - test_verify_Credkart_url_001 - 47 - Testcase test_verify_Credkart_url_001 is passed
2026-01-28 07:42:58,395 - INFO - test_verify_Credkart_url_001 - 48 - Taking screenshot
2026-01-28 07:42:58,668 - INFO - test_verify_Credkart_url_001 - 55 - Testcase test_verify_Credkart_url_001 is completed
2026-01-28 07:42:58,749 - INFO - test_Credkart_login_002 - 59 - Testcase test_Credkart_login_002 is started
2026-01-28 07:42:59,404 - INFO - test_Credkart_login_002 - 61 - Opening browser and getting https://automation.credence.in/login
2026-01-28 07:42:59,404 - INFO - test_Credkart_login_002 - 70 - Entering the Email Credencetest@test.com
2026-01-28 07:42:59,596 - INFO - test_Credkart_login_002 - 77 - Entering the password
2026-01-28 07:42:59,674 - INFO - test_Credkart_login_002 - 83 - Clicking on login button
2026-01-28 07:43:02,137 - INFO - test_Credkart_login_002 - 103 - Checking the login status
2026-01-28 07:43:02,189 - INFO - test_Credkart_login_002 - 105 - User login successful and taking screenshot
2026-01-28 07:43:02,327 - INFO - test_Credkart_login_002 - 107 - Clicking on menu button
2026-01-28 07:43:02,422 - INFO - test_Credkart_login_002 - 109 - Clicking on logout button
2026-01-28 07:43:03,528 - INFO - test_Credkart_login_002 - 115 - Testcase test_Credkart_login_002 is completed
2026-01-28 07:43:03,531 - INFO - test_Credkart_registration_003 - 118 - Testcase test_Credkart_login_002 is started
2026-01-28 07:43:03,935 - INFO - test_Credkart_registration_003 - 120 - Opening browser and getting https://automation.credence.in/register
2026-01-28 07:43:03,943 - INFO - test_Credkart_registration_003 - 123 - Generated fake data for username--> robert03 and email --> hullchad@example.net
2026-01-28 07:43:03,943 - INFO - test_Credkart_registration_003 - 127 - Entering the Username--> robert03
2026-01-28 07:43:03,967 - INFO - test_Credkart_registration_003 - 130 - Entering the Email--> hullchad@example.net
2026-01-28 07:43:04,014 - INFO - test_Credkart_registration_003 - 133 - Entering the Password
2026-01-28 07:43:04,047 - INFO - test_Credkart_registration_003 - 136 - Entering the Confirm Password
2026-01-28 07:43:04,082 - INFO - test_Credkart_registration_003 - 139 - Clicking on register button
2026-01-28 07:43:05,609 - INFO - test_Credkart_registration_003 - 143 - User registration successful and taking screenshot
2026-01-28 07:43:05,708 - INFO - test_Credkart_registration_003 - 145 - Clicking on menu button
2026-01-28 07:44:07,128 - INFO - test_verify_Credkart_url_001 - 42 - Testcase test_verify_Credkart_url_001 is started
2026-01-28 07:44:08,412 - INFO - test_verify_Credkart_url_001 - 44 - Opening browser and getting https://automation.credence.in/login
2026-01-28 07:44:08,412 - INFO - test_verify_Credkart_url_001 - 45 - Checking driver title
2026-01-28 07:44:08,462 - INFO - test_verify_Credkart_url_001 - 47 - Testcase test_verify_Credkart_url_001 is passed
2026-01-28 07:44:08,462 - INFO - test_verify_Credkart_url_001 - 48 - Taking screenshot
2026-01-28 07:44:08,618 - INFO - test_verify_Credkart_url_001 - 55 - Testcase test_verify_Credkart_url_001 is completed
2026-01-28 07:44:08,624 - INFO - test_Credkart_login_002 - 59 - Testcase test_Credkart_login_002 is started
2026-01-28 07:44:09,206 - INFO - test_Credkart_login_002 - 61 - Opening browser and getting https://automation.credence.in/login
2026-01-28 07:44:09,206 - INFO - test_Credkart_login_002 - 70 - Entering the Email Credencetest@test.com
2026-01-28 07:44:09,360 - INFO - test_Credkart_login_002 - 77 - Entering the password
2026-01-28 07:44:09,417 - INFO - test_Credkart_login_002 - 83 - Clicking on login button
2026-01-28 07:44:13,478 - INFO - test_Credkart_login_002 - 103 - Checking the login status
2026-01-28 07:44:13,508 - INFO - test_Credkart_login_002 - 105 - User login successful and taking screenshot
2026-01-28 07:44:13,593 - INFO - test_Credkart_login_002 - 107 - Clicking on menu button
2026-01-28 07:44:13,671 - INFO - test_Credkart_login_002 - 109 - Clicking on logout button
2026-01-28 07:44:14,720 - INFO - test_Credkart_login_002 - 115 - Testcase test_Credkart_login_002 is completed
2026-01-28 07:44:14,723 - INFO - test_Credkart_registration_003 - 118 - Testcase test_Credkart_login_002 is started
2026-01-28 07:44:15,129 - INFO - test_Credkart_registration_003 - 120 - Opening browser and getting https://automation.credence.in/register
2026-01-28 07:44:15,136 - INFO - test_Credkart_registration_003 - 123 - Generated fake data for username--> amoore and email --> wardrichard@example.com
2026-01-28 07:44:15,136 - INFO - test_Credkart_registration_003 - 127 - Entering the Username--> amoore
2026-01-28 07:44:15,173 - INFO - test_Credkart_registration_003 - 130 - Entering the Email--> wardrichard@example.com
2026-01-28 07:44:15,231 - INFO - test_Credkart_registration_003 - 133 - Entering the Password
2026-01-28 07:44:15,262 - INFO - test_Credkart_registration_003 - 136 - Entering the Confirm Password
2026-01-28 07:44:15,304 - INFO - test_Credkart_registration_003 - 139 - Clicking on register button
2026-01-28 07:44:16,812 - INFO - test_Credkart_registration_003 - 143 - User registration successful and taking screenshot
2026-01-28 07:44:16,926 - INFO - test_Credkart_registration_003 - 145 - Clicking on menu button
2026-01-28 07:44:17,008 - INFO - test_Credkart_registration_003 - 147 - Clicking on logout button
2026-01-28 07:44:18,052 - INFO - test_Credkart_registration_003 - 153 - Testcase test_Credkart_registration_003 is completed
2026-01-28 07:44:28,470 - INFO - test_verify_Credkart_url_001 - 42 - Testcase test_verify_Credkart_url_001 is started
2026-01-28 07:44:29,160 - INFO - test_verify_Credkart_url_001 - 44 - Opening browser and getting https://automation.credence.in/login
2026-01-28 07:44:29,161 - INFO - test_verify_Credkart_url_001 - 45 - Checking driver title
2026-01-28 07:44:29,167 - INFO - test_verify_Credkart_url_001 - 47 - Testcase test_verify_Credkart_url_001 is passed
2026-01-28 07:44:29,167 - INFO - test_verify_Credkart_url_001 - 48 - Taking screenshot
2026-01-28 07:44:29,404 - INFO - test_verify_Credkart_url_001 - 55 - Testcase test_verify_Credkart_url_001 is completed
2026-01-28 07:44:29,406 - INFO - test_Credkart_login_002 - 59 - Testcase test_Credkart_login_002 is started
2026-01-28 07:44:29,777 - INFO - test_Credkart_login_002 - 61 - Opening browser and getting https://automation.credence.in/login
2026-01-28 07:44:29,777 - INFO - test_Credkart_login_002 - 70 - Entering the Email Credencetest@test.com
2026-01-28 07:44:29,892 - INFO - test_Credkart_login_002 - 77 - Entering the password
2026-01-28 07:44:29,965 - INFO - test_Credkart_login_002 - 83 - Clicking on login button
2026-01-28 07:44:32,244 - INFO - test_Credkart_login_002 - 103 - Checking the login status
2026-01-28 07:44:32,289 - INFO - test_Credkart_login_002 - 105 - User login successful and taking screenshot
2026-01-28 07:44:32,369 - INFO - test_Credkart_login_002 - 107 - Clicking on menu button
2026-01-28 07:44:32,427 - INFO - test_Credkart_login_002 - 109 - Clicking on logout button
2026-01-28 07:44:33,501 - INFO - test_Credkart_login_002 - 115 - Testcase test_Credkart_login_002 is completed
2026-01-28 07:44:33,502 - INFO - test_Credkart_registration_003 - 118 - Testcase test_Credkart_login_002 is started
2026-01-28 07:44:33,931 - INFO - test_Credkart_registration_003 - 120 - Opening browser and getting https://automation.credence.in/register
2026-01-28 07:44:33,934 - INFO - test_Credkart_registration_003 - 123 - Generated fake data for username--> adamevans and email --> wdrake@example.org
2026-01-28 07:44:33,934 - INFO - test_Credkart_registration_003 - 127 - Entering the Username--> adamevans
2026-01-28 07:44:33,970 - INFO - test_Credkart_registration_003 - 130 - Entering the Email--> wdrake@example.org
2026-01-28 07:44:34,006 - INFO - test_Credkart_registration_003 - 133 - Entering the Password
2026-01-28 07:44:34,061 - INFO - test_Credkart_registration_003 - 136 - Entering the Confirm Password
2026-01-28 07:44:34,110 - INFO - test_Credkart_registration_003 - 139 - Clicking on register button
2026-01-28 07:44:39,199 - INFO - test_Credkart_registration_003 - 150 - User registration fail and taking screenshot
2026-01-28 08:24:42,539 - INFO - test_Credkart_login_excel_ddt_003 - 28 - Testcase test_Credkart_login_excel_ddt_003 is started
2026-01-28 08:24:42,539 - INFO - test_Credkart_login_excel_ddt_003 - 28 - Testcase test_Credkart_login_excel_ddt_003 is started
2026-01-28 08:24:44,237 - INFO - test_Credkart_login_excel_ddt_003 - 30 - Opening browser and getting https://automation.credence.in/login
2026-01-28 08:24:44,237 - INFO - test_Credkart_login_excel_ddt_003 - 30 - Opening browser and getting https://automation.credence.in/login
2026-01-28 08:24:44,238 - INFO - test_Credkart_login_excel_ddt_003 - 32 - Reading data from excel
2026-01-28 08:24:44,238 - INFO - test_Credkart_login_excel_ddt_003 - 32 - Reading data from excel
2026-01-28 08:24:44,253 - INFO - test_Credkart_login_excel_ddt_003 - 34 - Number of rows in excel is 5
2026-01-28 08:24:44,253 - INFO - test_Credkart_login_excel_ddt_003 - 34 - Number of rows in excel is 5
2026-01-28 08:24:44,293 - INFO - test_Credkart_login_excel_ddt_003 - 42 - Entering the Email Credencetest@test.com
2026-01-28 08:24:44,293 - INFO - test_Credkart_login_excel_ddt_003 - 42 - Entering the Email Credencetest@test.com
2026-01-28 08:24:44,554 - INFO - test_Credkart_login_excel_ddt_003 - 44 - Entering the password
2026-01-28 08:24:44,554 - INFO - test_Credkart_login_excel_ddt_003 - 44 - Entering the password
2026-01-28 08:24:44,658 - INFO - test_Credkart_login_excel_ddt_003 - 46 - Clicking on login button
2026-01-28 08:24:44,658 - INFO - test_Credkart_login_excel_ddt_003 - 46 - Clicking on login button
2026-01-28 08:24:47,768 - INFO - test_Credkart_login_excel_ddt_003 - 48 - Checking the login status
2026-01-28 08:24:47,768 - INFO - test_Credkart_login_excel_ddt_003 - 48 - Checking the login status
2026-01-28 08:24:47,830 - INFO - test_Credkart_login_excel_ddt_003 - 50 - User login successful and taking screenshot
2026-01-28 08:24:47,830 - INFO - test_Credkart_login_excel_ddt_003 - 50 - User login successful and taking screenshot
2026-01-28 08:24:47,920 - INFO - test_Credkart_login_excel_ddt_003 - 52 - Clicking on menu button
2026-01-28 08:24:47,920 - INFO - test_Credkart_login_excel_ddt_003 - 52 - Clicking on menu button
2026-01-28 08:24:48,092 - INFO - test_Credkart_login_excel_ddt_003 - 54 - Clicking on logout button
2026-01-28 08:24:48,092 - INFO - test_Credkart_login_excel_ddt_003 - 54 - Clicking on logout button
2026-01-28 08:24:52,525 - INFO - test_verify_Credkart_url_001 - 42 - Testcase test_verify_Credkart_url_001 is started
2026-01-28 08:24:52,525 - INFO - test_verify_Credkart_url_001 - 42 - Testcase test_verify_Credkart_url_001 is started
2026-01-28 08:24:53,780 - INFO - test_verify_Credkart_url_001 - 44 - Opening browser and getting https://automation.credence.in/login
2026-01-28 08:24:53,780 - INFO - test_verify_Credkart_url_001 - 44 - Opening browser and getting https://automation.credence.in/login
2026-01-28 08:24:53,780 - INFO - test_verify_Credkart_url_001 - 45 - Checking driver title
2026-01-28 08:24:53,780 - INFO - test_verify_Credkart_url_001 - 45 - Checking driver title
2026-01-28 08:24:53,790 - INFO - test_verify_Credkart_url_001 - 47 - Testcase test_verify_Credkart_url_001 is passed
2026-01-28 08:24:53,790 - INFO - test_verify_Credkart_url_001 - 47 - Testcase test_verify_Credkart_url_001 is passed
2026-01-28 08:24:53,790 - INFO - test_verify_Credkart_url_001 - 48 - Taking screenshot
2026-01-28 08:24:53,790 - INFO - test_verify_Credkart_url_001 - 48 - Taking screenshot
2026-01-28 08:24:54,035 - INFO - test_verify_Credkart_url_001 - 55 - Testcase test_verify_Credkart_url_001 is completed
2026-01-28 08:24:54,035 - INFO - test_verify_Credkart_url_001 - 55 - Testcase test_verify_Credkart_url_001 is completed
2026-01-28 08:24:54,039 - INFO - test_Credkart_login_002 - 59 - Testcase test_Credkart_login_002 is started
2026-01-28 08:24:54,039 - INFO - test_Credkart_login_002 - 59 - Testcase test_Credkart_login_002 is started
2026-01-28 08:24:54,557 - INFO - test_Credkart_login_002 - 61 - Opening browser and getting https://automation.credence.in/login
2026-01-28 08:24:54,557 - INFO - test_Credkart_login_002 - 61 - Opening browser and getting https://automation.credence.in/login
2026-01-28 08:24:54,557 - INFO - test_Credkart_login_002 - 70 - Entering the Email Credencetest@test.com
2026-01-28 08:24:54,557 - INFO - test_Credkart_login_002 - 70 - Entering the Email Credencetest@test.com
2026-01-28 08:24:54,760 - INFO - test_Credkart_login_002 - 77 - Entering the password
2026-01-28 08:24:54,760 - INFO - test_Credkart_login_002 - 77 - Entering the password
2026-01-28 08:24:54,857 - INFO - test_Credkart_login_002 - 83 - Clicking on login button
2026-01-28 08:24:54,857 - INFO - test_Credkart_login_002 - 83 - Clicking on login button
2026-01-28 08:25:00,708 - INFO - test_Credkart_login_002 - 103 - Checking the login status
2026-01-28 08:25:00,708 - INFO - test_Credkart_login_002 - 103 - Checking the login status
2026-01-28 08:25:00,777 - INFO - test_Credkart_login_002 - 105 - User login successful and taking screenshot
2026-01-28 08:25:00,777 - INFO - test_Credkart_login_002 - 105 - User login successful and taking screenshot
2026-01-28 08:25:00,889 - INFO - test_Credkart_login_002 - 107 - Clicking on menu button
2026-01-28 08:25:00,889 - INFO - test_Credkart_login_002 - 107 - Clicking on menu button
2026-01-28 08:25:01,021 - INFO - test_Credkart_login_002 - 109 - Clicking on logout button
2026-01-28 08:25:01,021 - INFO - test_Credkart_login_002 - 109 - Clicking on logout button
2026-01-28 08:25:01,168 - INFO - test_Credkart_login_002 - 115 - Testcase test_Credkart_login_002 is completed
2026-01-28 08:25:01,168 - INFO - test_Credkart_login_002 - 115 - Testcase test_Credkart_login_002 is completed
2026-01-28 08:25:01,172 - INFO - test_Credkart_registration_003 - 118 - Testcase test_Credkart_login_002 is started
2026-01-28 08:25:01,172 - INFO - test_Credkart_registration_003 - 118 - Testcase test_Credkart_login_002 is started
2026-01-28 08:25:02,300 - INFO - test_Credkart_registration_003 - 120 - Opening browser and getting https://automation.credence.in/register
2026-01-28 08:25:02,300 - INFO - test_Credkart_registration_003 - 120 - Opening browser and getting https://automation.credence.in/register
2026-01-28 08:25:02,310 - INFO - test_Credkart_registration_003 - 123 - Generated fake data for username--> hicksderek and email --> markmoore@example.com
2026-01-28 08:25:02,310 - INFO - test_Credkart_registration_003 - 123 - Generated fake data for username--> hicksderek and email --> markmoore@example.com
2026-01-28 08:25:02,310 - INFO - test_Credkart_registration_003 - 127 - Entering the Username--> hicksderek
2026-01-28 08:25:02,310 - INFO - test_Credkart_registration_003 - 127 - Entering the Username--> hicksderek
2026-01-28 08:26:28,121 - INFO - test_Credkart_login_excel_ddt_003 - 28 - Testcase test_Credkart_login_excel_ddt_003 is started
2026-01-28 08:26:28,121 - INFO - test_Credkart_login_excel_ddt_003 - 28 - Testcase test_Credkart_login_excel_ddt_003 is started
2026-01-28 08:26:28,122 - INFO - test_Credkart_login_excel_ddt_003 - 30 - Reading data from excel
2026-01-28 08:26:28,122 - INFO - test_Credkart_login_excel_ddt_003 - 30 - Reading data from excel
2026-01-28 08:26:28,198 - INFO - test_Credkart_login_excel_ddt_003 - 32 - Number of rows in excel is 5
2026-01-28 08:26:28,198 - INFO - test_Credkart_login_excel_ddt_003 - 32 - Number of rows in excel is 5
2026-01-28 08:26:29,366 - INFO - test_Credkart_login_excel_ddt_003 - 37 - Opening browser and getting https://automation.credence.in/login
2026-01-28 08:26:29,366 - INFO - test_Credkart_login_excel_ddt_003 - 37 - Opening browser and getting https://automation.credence.in/login
2026-01-28 08:26:29,548 - INFO - test_Credkart_login_excel_ddt_003 - 42 - Entering the Email Credencetest@test.com
2026-01-28 08:26:29,548 - INFO - test_Credkart_login_excel_ddt_003 - 42 - Entering the Email Credencetest@test.com
2026-01-28 08:26:29,746 - INFO - test_Credkart_login_excel_ddt_003 - 44 - Entering the password
2026-01-28 08:26:29,746 - INFO - test_Credkart_login_excel_ddt_003 - 44 - Entering the password
2026-01-28 08:26:29,825 - INFO - test_Credkart_login_excel_ddt_003 - 46 - Clicking on login button
2026-01-28 08:26:29,825 - INFO - test_Credkart_login_excel_ddt_003 - 46 - Clicking on login button
2026-01-28 08:26:32,344 - INFO - test_Credkart_login_excel_ddt_003 - 48 - Checking the login status
2026-01-28 08:26:32,344 - INFO - test_Credkart_login_excel_ddt_003 - 48 - Checking the login status
2026-01-28 08:26:32,481 - INFO - test_Credkart_login_excel_ddt_003 - 50 - User login successful and taking screenshot
2026-01-28 08:26:32,481 - INFO - test_Credkart_login_excel_ddt_003 - 50 - User login successful and taking screenshot
2026-01-28 08:26:32,695 - INFO - test_Credkart_login_excel_ddt_003 - 52 - Clicking on menu button
2026-01-28 08:26:32,695 - INFO - test_Credkart_login_excel_ddt_003 - 52 - Clicking on menu button
2026-01-28 08:26:32,811 - INFO - test_Credkart_login_excel_ddt_003 - 54 - Clicking on logout button
2026-01-28 08:26:32,811 - INFO - test_Credkart_login_excel_ddt_003 - 54 - Clicking on logout button
2026-01-28 08:26:59,204 - INFO - test_Credkart_login_excel_ddt_003 - 28 - Testcase test_Credkart_login_excel_ddt_003 is started
2026-01-28 08:26:59,204 - INFO - test_Credkart_login_excel_ddt_003 - 28 - Testcase test_Credkart_login_excel_ddt_003 is started
2026-01-28 08:26:59,206 - INFO - test_Credkart_login_excel_ddt_003 - 30 - Reading data from excel
2026-01-28 08:26:59,206 - INFO - test_Credkart_login_excel_ddt_003 - 30 - Reading data from excel
2026-01-28 08:26:59,276 - INFO - test_Credkart_login_excel_ddt_003 - 32 - Number of rows in excel is 5
2026-01-28 08:26:59,276 - INFO - test_Credkart_login_excel_ddt_003 - 32 - Number of rows in excel is 5
2026-01-28 08:27:00,886 - INFO - test_Credkart_login_excel_ddt_003 - 37 - Opening browser and getting https://automation.credence.in/login
2026-01-28 08:27:00,886 - INFO - test_Credkart_login_excel_ddt_003 - 37 - Opening browser and getting https://automation.credence.in/login
2026-01-28 08:27:01,079 - INFO - test_Credkart_login_excel_ddt_003 - 42 - Entering the Email Credencetest@test.com
2026-01-28 08:27:01,079 - INFO - test_Credkart_login_excel_ddt_003 - 42 - Entering the Email Credencetest@test.com
2026-01-28 08:27:01,380 - INFO - test_Credkart_login_excel_ddt_003 - 44 - Entering the password
2026-01-28 08:27:01,380 - INFO - test_Credkart_login_excel_ddt_003 - 44 - Entering the password
2026-01-28 08:27:01,442 - INFO - test_Credkart_login_excel_ddt_003 - 46 - Clicking on login button
2026-01-28 08:27:01,442 - INFO - test_Credkart_login_excel_ddt_003 - 46 - Clicking on login button
2026-01-28 08:27:06,754 - INFO - test_Credkart_login_excel_ddt_003 - 48 - Checking the login status
2026-01-28 08:27:06,754 - INFO - test_Credkart_login_excel_ddt_003 - 48 - Checking the login status
2026-01-28 08:27:06,853 - INFO - test_Credkart_login_excel_ddt_003 - 50 - User login successful and taking screenshot
2026-01-28 08:27:06,853 - INFO - test_Credkart_login_excel_ddt_003 - 50 - User login successful and taking screenshot
2026-01-28 08:27:07,010 - INFO - test_Credkart_login_excel_ddt_003 - 52 - Clicking on menu button
2026-01-28 08:27:07,010 - INFO - test_Credkart_login_excel_ddt_003 - 52 - Clicking on menu button
2026-01-28 08:27:07,123 - INFO - test_Credkart_login_excel_ddt_003 - 54 - Clicking on logout button
2026-01-28 08:27:07,123 - INFO - test_Credkart_login_excel_ddt_003 - 54 - Clicking on logout button
2026-01-28 08:27:08,971 - INFO - test_Credkart_login_excel_ddt_003 - 37 - Opening browser and getting https://automation.credence.in/login
2026-01-28 08:27:08,971 - INFO - test_Credkart_login_excel_ddt_003 - 37 - Opening browser and getting https://automation.credence.in/login
2026-01-28 08:27:09,116 - INFO - test_Credkart_login_excel_ddt_003 - 42 - Entering the Email Credencetest@test.com11
2026-01-28 08:27:09,116 - INFO - test_Credkart_login_excel_ddt_003 - 42 - Entering the Email Credencetest@test.com11
2026-01-28 08:27:09,200 - INFO - test_Credkart_login_excel_ddt_003 - 44 - Entering the password
2026-01-28 08:27:09,200 - INFO - test_Credkart_login_excel_ddt_003 - 44 - Entering the password
2026-01-28 08:27:09,267 - INFO - test_Credkart_login_excel_ddt_003 - 46 - Clicking on login button
2026-01-28 08:27:09,267 - INFO - test_Credkart_login_excel_ddt_003 - 46 - Clicking on login button
2026-01-28 08:27:10,161 - INFO - test_Credkart_login_excel_ddt_003 - 48 - Checking the login status
2026-01-28 08:27:10,161 - INFO - test_Credkart_login_excel_ddt_003 - 48 - Checking the login status
2026-01-28 08:27:15,215 - INFO - test_Credkart_login_excel_ddt_003 - 58 - User login fail and taking screenshot
2026-01-28 08:27:15,215 - INFO - test_Credkart_login_excel_ddt_003 - 58 - User login fail and taking screenshot
2026-01-28 08:27:15,926 - INFO - test_Credkart_login_excel_ddt_003 - 37 - Opening browser and getting https://automation.credence.in/login
2026-01-28 08:27:15,926 - INFO - test_Credkart_login_excel_ddt_003 - 37 - Opening browser and getting https://automation.credence.in/login
2026-01-28 08:27:16,037 - INFO - test_Credkart_login_excel_ddt_003 - 42 - Entering the Email Credencetest@test.com
2026-01-28 08:27:16,037 - INFO - test_Credkart_login_excel_ddt_003 - 42 - Entering the Email Credencetest@test.com
2026-01-28 08:27:16,118 - INFO - test_Credkart_login_excel_ddt_003 - 44 - Entering the password
2026-01-28 08:27:16,118 - INFO - test_Credkart_login_excel_ddt_003 - 44 - Entering the password
2026-01-28 08:27:16,184 - INFO - test_Credkart_login_excel_ddt_003 - 46 - Clicking on login button
2026-01-28 08:27:16,184 - INFO - test_Credkart_login_excel_ddt_003 - 46 - Clicking on login button
2026-01-28 08:27:17,175 - INFO - test_Credkart_login_excel_ddt_003 - 48 - Checking the login status
2026-01-28 08:27:17,175 - INFO - test_Credkart_login_excel_ddt_003 - 48 - Checking the login status
2026-01-28 08:27:22,225 - INFO - test_Credkart_login_excel_ddt_003 - 58 - User login fail and taking screenshot
2026-01-28 08:27:22,225 - INFO - test_Credkart_login_excel_ddt_003 - 58 - User login fail and taking screenshot
2026-01-28 08:27:22,891 - INFO - test_Credkart_login_excel_ddt_003 - 37 - Opening browser and getting https://automation.credence.in/login
2026-01-28 08:27:22,891 - INFO - test_Credkart_login_excel_ddt_003 - 37 - Opening browser and getting https://automation.credence.in/login
2026-01-28 08:27:23,008 - INFO - test_Credkart_login_excel_ddt_003 - 42 - Entering the Email Credencetest@test.com11
2026-01-28 08:27:23,008 - INFO - test_Credkart_login_excel_ddt_003 - 42 - Entering the Email Credencetest@test.com11
2026-01-28 08:27:23,077 - INFO - test_Credkart_login_excel_ddt_003 - 44 - Entering the password
2026-01-28 08:27:23,077 - INFO - test_Credkart_login_excel_ddt_003 - 44 - Entering the password
2026-01-28 08:27:23,148 - INFO - test_Credkart_login_excel_ddt_003 - 46 - Clicking on login button
2026-01-28 08:27:23,148 - INFO - test_Credkart_login_excel_ddt_003 - 46 - Clicking on login button
2026-01-28 08:27:24,042 - INFO - test_Credkart_login_excel_ddt_003 - 48 - Checking the login status
2026-01-28 08:27:24,042 - INFO - test_Credkart_login_excel_ddt_003 - 48 - Checking the login status
2026-01-28 08:27:29,099 - INFO - test_Credkart_login_excel_ddt_003 - 58 - User login fail and taking screenshot
2026-01-28 08:27:29,099 - INFO - test_Credkart_login_excel_ddt_003 - 58 - User login fail and taking screenshot
2026-01-28 08:27:29,233 - INFO - test_Credkart_login_excel_ddt_003 - 74 - Some of the testcases are failed
2026-01-28 08:27:29,233 - INFO - test_Credkart_login_excel_ddt_003 - 74 - Some of the testcases are failed
2026-01-28 08:28:52,500 - INFO - test_Credkart_login_excel_ddt_003 - 28 - Testcase test_Credkart_login_excel_ddt_003 is started
2026-01-28 08:28:52,500 - INFO - test_Credkart_login_excel_ddt_003 - 28 - Testcase test_Credkart_login_excel_ddt_003 is started
2026-01-28 08:28:52,512 - INFO - test_Credkart_login_excel_ddt_003 - 30 - Reading data from excel
2026-01-28 08:28:52,512 - INFO - test_Credkart_login_excel_ddt_003 - 30 - Reading data from excel
2026-01-28 08:28:52,590 - INFO - test_Credkart_login_excel_ddt_003 - 32 - Number of rows in excel is 5
2026-01-28 08:28:52,590 - INFO - test_Credkart_login_excel_ddt_003 - 32 - Number of rows in excel is 5
2026-01-28 08:28:53,989 - INFO - test_Credkart_login_excel_ddt_003 - 37 - Opening browser and getting https://automation.credence.in/login
2026-01-28 08:28:53,989 - INFO - test_Credkart_login_excel_ddt_003 - 37 - Opening browser and getting https://automation.credence.in/login
2026-01-28 08:28:54,080 - INFO - test_Credkart_login_excel_ddt_003 - 42 - Entering the Email Credencetest@test.com
2026-01-28 08:28:54,080 - INFO - test_Credkart_login_excel_ddt_003 - 42 - Entering the Email Credencetest@test.com
2026-01-28 08:28:54,387 - INFO - test_Credkart_login_excel_ddt_003 - 44 - Entering the password
2026-01-28 08:28:54,387 - INFO - test_Credkart_login_excel_ddt_003 - 44 - Entering the password
2026-01-28 08:28:54,525 - INFO - test_Credkart_login_excel_ddt_003 - 46 - Clicking on login button
2026-01-28 08:28:54,525 - INFO - test_Credkart_login_excel_ddt_003 - 46 - Clicking on login button
2026-01-28 08:29:00,607 - INFO - test_Credkart_login_excel_ddt_003 - 48 - Checking the login status
2026-01-28 08:29:00,607 - INFO - test_Credkart_login_excel_ddt_003 - 48 - Checking the login status
2026-01-28 08:29:00,692 - INFO - test_Credkart_login_excel_ddt_003 - 50 - User login successful and taking screenshot
2026-01-28 08:29:00,692 - INFO - test_Credkart_login_excel_ddt_003 - 50 - User login successful and taking screenshot
2026-01-28 08:29:00,857 - INFO - test_Credkart_login_excel_ddt_003 - 52 - Clicking on menu button
2026-01-28 08:29:00,857 - INFO - test_Credkart_login_excel_ddt_003 - 52 - Clicking on menu button
2026-01-28 08:29:00,973 - INFO - test_Credkart_login_excel_ddt_003 - 54 - Clicking on logout button
2026-01-28 08:29:00,973 - INFO - test_Credkart_login_excel_ddt_003 - 54 - Clicking on logout button
2026-01-28 08:29:02,775 - INFO - test_Credkart_login_excel_ddt_003 - 37 - Opening browser and getting https://automation.credence.in/login
2026-01-28 08:29:02,775 - INFO - test_Credkart_login_excel_ddt_003 - 37 - Opening browser and getting https://automation.credence.in/login
2026-01-28 08:29:02,917 - INFO - test_Credkart_login_excel_ddt_003 - 42 - Entering the Email Credencetest@test.com11
2026-01-28 08:29:02,917 - INFO - test_Credkart_login_excel_ddt_003 - 42 - Entering the Email Credencetest@test.com11
2026-01-28 08:29:02,992 - INFO - test_Credkart_login_excel_ddt_003 - 44 - Entering the password
2026-01-28 08:29:02,992 - INFO - test_Credkart_login_excel_ddt_003 - 44 - Entering the password
2026-01-28 08:29:03,065 - INFO - test_Credkart_login_excel_ddt_003 - 46 - Clicking on login button
2026-01-28 08:29:03,065 - INFO - test_Credkart_login_excel_ddt_003 - 46 - Clicking on login button
2026-01-28 08:29:03,978 - INFO - test_Credkart_login_excel_ddt_003 - 48 - Checking the login status
2026-01-28 08:29:03,978 - INFO - test_Credkart_login_excel_ddt_003 - 48 - Checking the login status
2026-01-28 08:29:09,019 - INFO - test_Credkart_login_excel_ddt_003 - 58 - User login fail and taking screenshot
2026-01-28 08:29:09,019 - INFO - test_Credkart_login_excel_ddt_003 - 58 - User login fail and taking screenshot
2026-01-28 08:29:09,643 - INFO - test_Credkart_login_excel_ddt_003 - 37 - Opening browser and getting https://automation.credence.in/login
2026-01-28 08:29:09,643 - INFO - test_Credkart_login_excel_ddt_003 - 37 - Opening browser and getting https://automation.credence.in/login
2026-01-28 08:29:09,793 - INFO - test_Credkart_login_excel_ddt_003 - 42 - Entering the Email Credencetest@test.com
2026-01-28 08:29:09,793 - INFO - test_Credkart_login_excel_ddt_003 - 42 - Entering the Email Credencetest@test.com
2026-01-28 08:29:09,856 - INFO - test_Credkart_login_excel_ddt_003 - 44 - Entering the password
2026-01-28 08:29:09,856 - INFO - test_Credkart_login_excel_ddt_003 - 44 - Entering the password
2026-01-28 08:29:09,940 - INFO - test_Credkart_login_excel_ddt_003 - 46 - Clicking on login button
2026-01-28 08:29:09,940 - INFO - test_Credkart_login_excel_ddt_003 - 46 - Clicking on login button
2026-01-28 08:29:11,292 - INFO - test_Credkart_login_excel_ddt_003 - 48 - Checking the login status
2026-01-28 08:29:11,292 - INFO - test_Credkart_login_excel_ddt_003 - 48 - Checking the login status
2026-01-28 08:29:16,313 - INFO - test_Credkart_login_excel_ddt_003 - 58 - User login fail and taking screenshot
2026-01-28 08:29:16,313 - INFO - test_Credkart_login_excel_ddt_003 - 58 - User login fail and taking screenshot
2026-01-28 08:29:17,087 - INFO - test_Credkart_login_excel_ddt_003 - 37 - Opening browser and getting https://automation.credence.in/login
2026-01-28 08:29:17,087 - INFO - test_Credkart_login_excel_ddt_003 - 37 - Opening browser and getting https://automation.credence.in/login
2026-01-28 08:29:17,192 - INFO - test_Credkart_login_excel_ddt_003 - 42 - Entering the Email Credencetest@test.com11
2026-01-28 08:29:17,192 - INFO - test_Credkart_login_excel_ddt_003 - 42 - Entering the Email Credencetest@test.com11
2026-01-28 08:29:17,252 - INFO - test_Credkart_login_excel_ddt_003 - 44 - Entering the password
2026-01-28 08:29:17,252 - INFO - test_Credkart_login_excel_ddt_003 - 44 - Entering the password
2026-01-28 08:29:17,316 - INFO - test_Credkart_login_excel_ddt_003 - 46 - Clicking on login button
2026-01-28 08:29:17,316 - INFO - test_Credkart_login_excel_ddt_003 - 46 - Clicking on login button
2026-01-28 08:29:18,207 - INFO - test_Credkart_login_excel_ddt_003 - 48 - Checking the login status
2026-01-28 08:29:18,207 - INFO - test_Credkart_login_excel_ddt_003 - 48 - Checking the login status
2026-01-28 08:29:23,239 - INFO - test_Credkart_login_excel_ddt_003 - 58 - User login fail and taking screenshot
2026-01-28 08:29:23,239 - INFO - test_Credkart_login_excel_ddt_003 - 58 - User login fail and taking screenshot
2026-01-28 08:29:23,370 - INFO - test_Credkart_login_excel_ddt_003 - 72 - All the testcases are passed
2026-01-28 08:29:23,370 - INFO - test_Credkart_login_excel_ddt_003 - 72 - All the testcases are passed
2026-01-28 08:29:23,371 - INFO - test_Credkart_login_excel_ddt_003 - 77 - Testcase test_Credkart_login_excel_ddt_003 is completed
2026-01-28 08:29:23,371 - INFO - test_Credkart_login_excel_ddt_003 - 77 - Testcase test_Credkart_login_excel_ddt_003 is completed
2026-01-28 08:30:43,685 - INFO - test_Credkart_login_excel_ddt_003 - 28 - Testcase test_Credkart_login_excel_ddt_003 is started
2026-01-28 08:30:43,685 - INFO - test_Credkart_login_excel_ddt_003 - 28 - Testcase test_Credkart_login_excel_ddt_003 is started
2026-01-28 08:30:43,685 - INFO - test_Credkart_login_excel_ddt_003 - 30 - Reading data from excel
2026-01-28 08:30:43,685 - INFO - test_Credkart_login_excel_ddt_003 - 30 - Reading data from excel
2026-01-28 08:30:43,738 - INFO - test_Credkart_login_excel_ddt_003 - 32 - Number of rows in excel is 5
2026-01-28 08:30:43,738 - INFO - test_Credkart_login_excel_ddt_003 - 32 - Number of rows in excel is 5
2026-01-28 08:30:44,958 - INFO - test_Credkart_login_excel_ddt_003 - 37 - Opening browser and getting https://automation.credence.in/login
2026-01-28 08:30:44,958 - INFO - test_Credkart_login_excel_ddt_003 - 37 - Opening browser and getting https://automation.credence.in/login
2026-01-28 08:30:45,161 - INFO - test_Credkart_login_excel_ddt_003 - 42 - Entering the Email Credencetest@test.com
2026-01-28 08:30:45,161 - INFO - test_Credkart_login_excel_ddt_003 - 42 - Entering the Email Credencetest@test.com
2026-01-28 08:30:45,335 - INFO - test_Credkart_login_excel_ddt_003 - 44 - Entering the password
2026-01-28 08:30:45,335 - INFO - test_Credkart_login_excel_ddt_003 - 44 - Entering the password
2026-01-28 08:30:45,412 - INFO - test_Credkart_login_excel_ddt_003 - 46 - Clicking on login button
2026-01-28 08:30:45,412 - INFO - test_Credkart_login_excel_ddt_003 - 46 - Clicking on login button
2026-01-28 08:30:50,707 - INFO - test_Credkart_login_excel_ddt_003 - 48 - Checking the login status
2026-01-28 08:30:50,707 - INFO - test_Credkart_login_excel_ddt_003 - 48 - Checking the login status
2026-01-28 08:30:50,788 - INFO - test_Credkart_login_excel_ddt_003 - 50 - User login successful and taking screenshot
2026-01-28 08:30:50,788 - INFO - test_Credkart_login_excel_ddt_003 - 50 - User login successful and taking screenshot
2026-01-28 08:30:50,978 - INFO - test_Credkart_login_excel_ddt_003 - 52 - Clicking on menu button
2026-01-28 08:30:50,978 - INFO - test_Credkart_login_excel_ddt_003 - 52 - Clicking on menu button
2026-01-28 08:30:51,089 - INFO - test_Credkart_login_excel_ddt_003 - 54 - Clicking on logout button
2026-01-28 08:30:51,089 - INFO - test_Credkart_login_excel_ddt_003 - 54 - Clicking on logout button
2026-01-28 08:31:16,338 - INFO - test_Credkart_login_excel_ddt_003 - 28 - Testcase test_Credkart_login_excel_ddt_003 is started
2026-01-28 08:31:16,338 - INFO - test_Credkart_login_excel_ddt_003 - 28 - Testcase test_Credkart_login_excel_ddt_003 is started
2026-01-28 08:31:16,338 - INFO - test_Credkart_login_excel_ddt_003 - 30 - Reading data from excel
2026-01-28 08:31:16,338 - INFO - test_Credkart_login_excel_ddt_003 - 30 - Reading data from excel
2026-01-28 08:31:16,429 - INFO - test_Credkart_login_excel_ddt_003 - 32 - Number of rows in excel is 5
2026-01-28 08:31:16,429 - INFO - test_Credkart_login_excel_ddt_003 - 32 - Number of rows in excel is 5
2026-01-28 08:31:18,200 - INFO - test_Credkart_login_excel_ddt_003 - 37 - Opening browser and getting https://automation.credence.in/login
2026-01-28 08:31:18,200 - INFO - test_Credkart_login_excel_ddt_003 - 37 - Opening browser and getting https://automation.credence.in/login
2026-01-28 08:31:18,655 - INFO - test_Credkart_login_excel_ddt_003 - 42 - Entering the Email Credencetest@test.com
2026-01-28 08:31:18,655 - INFO - test_Credkart_login_excel_ddt_003 - 42 - Entering the Email Credencetest@test.com
2026-01-28 08:31:18,803 - INFO - test_Credkart_login_excel_ddt_003 - 44 - Entering the password
2026-01-28 08:31:18,803 - INFO - test_Credkart_login_excel_ddt_003 - 44 - Entering the password
2026-01-28 08:31:18,884 - INFO - test_Credkart_login_excel_ddt_003 - 46 - Clicking on login button
2026-01-28 08:31:18,884 - INFO - test_Credkart_login_excel_ddt_003 - 46 - Clicking on login button
2026-01-28 08:31:21,200 - INFO - test_Credkart_login_excel_ddt_003 - 48 - Checking the login status
2026-01-28 08:31:21,200 - INFO - test_Credkart_login_excel_ddt_003 - 48 - Checking the login status
2026-01-28 08:31:21,323 - INFO - test_Credkart_login_excel_ddt_003 - 50 - User login successful and taking screenshot
2026-01-28 08:31:21,323 - INFO - test_Credkart_login_excel_ddt_003 - 50 - User login successful and taking screenshot
2026-01-28 08:31:21,564 - INFO - test_Credkart_login_excel_ddt_003 - 52 - Clicking on menu button
2026-01-28 08:31:21,564 - INFO - test_Credkart_login_excel_ddt_003 - 52 - Clicking on menu button
2026-01-28 08:31:21,668 - INFO - test_Credkart_login_excel_ddt_003 - 54 - Clicking on logout button
2026-01-28 08:31:21,668 - INFO - test_Credkart_login_excel_ddt_003 - 54 - Clicking on logout button
2026-01-28 08:31:23,702 - INFO - test_Credkart_login_excel_ddt_003 - 37 - Opening browser and getting https://automation.credence.in/login
2026-01-28 08:31:23,702 - INFO - test_Credkart_login_excel_ddt_003 - 37 - Opening browser and getting https://automation.credence.in/login
2026-01-28 08:31:23,851 - INFO - test_Credkart_login_excel_ddt_003 - 42 - Entering the Email Credencetest@test.com11
2026-01-28 08:31:23,851 - INFO - test_Credkart_login_excel_ddt_003 - 42 - Entering the Email Credencetest@test.com11
2026-01-28 08:31:23,928 - INFO - test_Credkart_login_excel_ddt_003 - 44 - Entering the password
2026-01-28 08:31:23,928 - INFO - test_Credkart_login_excel_ddt_003 - 44 - Entering the password
2026-01-28 08:31:23,994 - INFO - test_Credkart_login_excel_ddt_003 - 46 - Clicking on login button
2026-01-28 08:31:23,994 - INFO - test_Credkart_login_excel_ddt_003 - 46 - Clicking on login button
2026-01-28 08:31:25,149 - INFO - test_Credkart_login_excel_ddt_003 - 48 - Checking the login status
2026-01-28 08:31:25,149 - INFO - test_Credkart_login_excel_ddt_003 - 48 - Checking the login status
2026-01-28 08:31:30,192 - INFO - test_Credkart_login_excel_ddt_003 - 58 - User login fail and taking screenshot
2026-01-28 08:31:30,192 - INFO - test_Credkart_login_excel_ddt_003 - 58 - User login fail and taking screenshot
2026-01-28 08:31:31,141 - INFO - test_Credkart_login_excel_ddt_003 - 37 - Opening browser and getting https://automation.credence.in/login
2026-01-28 08:31:31,141 - INFO - test_Credkart_login_excel_ddt_003 - 37 - Opening browser and getting https://automation.credence.in/login
2026-01-28 08:31:31,300 - INFO - test_Credkart_login_excel_ddt_003 - 42 - Entering the Email Credencetest@test.com
2026-01-28 08:31:31,300 - INFO - test_Credkart_login_excel_ddt_003 - 42 - Entering the Email Credencetest@test.com
2026-01-28 08:31:31,381 - INFO - test_Credkart_login_excel_ddt_003 - 44 - Entering the password
2026-01-28 08:31:31,381 - INFO - test_Credkart_login_excel_ddt_003 - 44 - Entering the password
2026-01-28 08:31:31,491 - INFO - test_Credkart_login_excel_ddt_003 - 46 - Clicking on login button
2026-01-28 08:31:31,491 - INFO - test_Credkart_login_excel_ddt_003 - 46 - Clicking on login button
2026-01-28 08:31:32,544 - INFO - test_Credkart_login_excel_ddt_003 - 48 - Checking the login status
2026-01-28 08:31:32,544 - INFO - test_Credkart_login_excel_ddt_003 - 48 - Checking the login status
2026-01-28 08:31:37,594 - INFO - test_Credkart_login_excel_ddt_003 - 58 - User login fail and taking screenshot
2026-01-28 08:31:37,594 - INFO - test_Credkart_login_excel_ddt_003 - 58 - User login fail and taking screenshot
2026-01-28 08:31:38,261 - INFO - test_Credkart_login_excel_ddt_003 - 37 - Opening browser and getting https://automation.credence.in/login
2026-01-28 08:31:38,261 - INFO - test_Credkart_login_excel_ddt_003 - 37 - Opening browser and getting https://automation.credence.in/login
2026-01-28 08:31:38,421 - INFO - test_Credkart_login_excel_ddt_003 - 42 - Entering the Email Credencetest@test.com11
2026-01-28 08:31:38,421 - INFO - test_Credkart_login_excel_ddt_003 - 42 - Entering the Email Credencetest@test.com11
2026-01-28 08:31:38,505 - INFO - test_Credkart_login_excel_ddt_003 - 44 - Entering the password
2026-01-28 08:31:38,505 - INFO - test_Credkart_login_excel_ddt_003 - 44 - Entering the password
2026-01-28 08:31:38,573 - INFO - test_Credkart_login_excel_ddt_003 - 46 - Clicking on login button
2026-01-28 08:31:38,573 - INFO - test_Credkart_login_excel_ddt_003 - 46 - Clicking on login button
2026-01-28 08:31:39,719 - INFO - test_Credkart_login_excel_ddt_003 - 48 - Checking the login status
2026-01-28 08:31:39,719 - INFO - test_Credkart_login_excel_ddt_003 - 48 - Checking the login status
2026-01-28 08:31:44,768 - INFO - test_Credkart_login_excel_ddt_003 - 58 - User login fail and taking screenshot
2026-01-28 08:31:44,768 - INFO - test_Credkart_login_excel_ddt_003 - 58 - User login fail and taking screenshot
2026-01-28 08:31:44,904 - INFO - test_Credkart_login_excel_ddt_003 - 72 - All the testcases are passed
2026-01-28 08:31:44,904 - INFO - test_Credkart_login_excel_ddt_003 - 72 - All the testcases are passed
2026-01-28 08:31:44,905 - INFO - test_Credkart_login_excel_ddt_003 - 77 - Testcase test_Credkart_login_excel_ddt_003 is completed
2026-01-28 08:31:44,905 - INFO - test_Credkart_login_excel_ddt_003 - 77 - Testcase test_Credkart_login_excel_ddt_003 is completed
2026-01-28 08:33:19,640 - INFO - test_Credkart_login_excel_ddt_003 - 28 - Testcase test_Credkart_login_excel_ddt_003 is started
2026-01-28 08:33:19,640 - INFO - test_Credkart_login_excel_ddt_003 - 28 - Testcase test_Credkart_login_excel_ddt_003 is started
2026-01-28 08:33:19,642 - INFO - test_Credkart_login_excel_ddt_003 - 30 - Reading data from excel
2026-01-28 08:33:19,642 - INFO - test_Credkart_login_excel_ddt_003 - 30 - Reading data from excel
2026-01-28 08:33:19,688 - INFO - test_Credkart_login_excel_ddt_003 - 32 - Number of rows in excel is 5
2026-01-28 08:33:19,688 - INFO - test_Credkart_login_excel_ddt_003 - 32 - Number of rows in excel is 5
2026-01-28 08:33:20,853 - INFO - test_Credkart_login_excel_ddt_003 - 37 - Opening browser and getting https://automation.credence.in/login
2026-01-28 08:33:20,853 - INFO - test_Credkart_login_excel_ddt_003 - 37 - Opening browser and getting https://automation.credence.in/login
2026-01-28 08:33:21,022 - INFO - test_Credkart_login_excel_ddt_003 - 42 - Entering the Email Credencetest@test.com
2026-01-28 08:33:21,022 - INFO - test_Credkart_login_excel_ddt_003 - 42 - Entering the Email Credencetest@test.com
2026-01-28 08:33:21,282 - INFO - test_Credkart_login_excel_ddt_003 - 44 - Entering the password
2026-01-28 08:33:21,282 - INFO - test_Credkart_login_excel_ddt_003 - 44 - Entering the password
2026-01-28 08:33:21,346 - INFO - test_Credkart_login_excel_ddt_003 - 46 - Clicking on login button
2026-01-28 08:33:21,346 - INFO - test_Credkart_login_excel_ddt_003 - 46 - Clicking on login button
2026-01-28 08:33:24,050 - INFO - test_Credkart_login_excel_ddt_003 - 48 - Checking the login status
2026-01-28 08:33:24,050 - INFO - test_Credkart_login_excel_ddt_003 - 48 - Checking the login status
2026-01-28 08:33:24,182 - INFO - test_Credkart_login_excel_ddt_003 - 50 - User login successful and taking screenshot
2026-01-28 08:33:24,182 - INFO - test_Credkart_login_excel_ddt_003 - 50 - User login successful and taking screenshot
2026-01-28 08:33:24,460 - INFO - test_Credkart_login_excel_ddt_003 - 52 - Clicking on menu button
2026-01-28 08:33:24,460 - INFO - test_Credkart_login_excel_ddt_003 - 52 - Clicking on menu button
2026-01-28 08:33:24,581 - INFO - test_Credkart_login_excel_ddt_003 - 54 - Clicking on logout button
2026-01-28 08:33:24,581 - INFO - test_Credkart_login_excel_ddt_003 - 54 - Clicking on logout button
2026-01-28 08:33:26,581 - INFO - test_Credkart_login_excel_ddt_003 - 37 - Opening browser and getting https://automation.credence.in/login
2026-01-28 08:33:26,581 - INFO - test_Credkart_login_excel_ddt_003 - 37 - Opening browser and getting https://automation.credence.in/login
2026-01-28 08:33:26,699 - INFO - test_Credkart_login_excel_ddt_003 - 42 - Entering the Email Credencetest@test.com11
2026-01-28 08:33:26,699 - INFO - test_Credkart_login_excel_ddt_003 - 42 - Entering the Email Credencetest@test.com11
2026-01-28 08:33:26,780 - INFO - test_Credkart_login_excel_ddt_003 - 44 - Entering the password
2026-01-28 08:33:26,780 - INFO - test_Credkart_login_excel_ddt_003 - 44 - Entering the password
2026-01-28 08:33:26,851 - INFO - test_Credkart_login_excel_ddt_003 - 46 - Clicking on login button
2026-01-28 08:33:26,851 - INFO - test_Credkart_login_excel_ddt_003 - 46 - Clicking on login button
2026-01-28 08:33:27,780 - INFO - test_Credkart_login_excel_ddt_003 - 48 - Checking the login status
2026-01-28 08:33:27,780 - INFO - test_Credkart_login_excel_ddt_003 - 48 - Checking the login status
2026-01-28 08:33:32,860 - INFO - test_Credkart_login_excel_ddt_003 - 59 - User login fail and taking screenshot
2026-01-28 08:33:32,860 - INFO - test_Credkart_login_excel_ddt_003 - 59 - User login fail and taking screenshot
2026-01-28 08:33:33,795 - INFO - test_Credkart_login_excel_ddt_003 - 37 - Opening browser and getting https://automation.credence.in/login
2026-01-28 08:33:33,795 - INFO - test_Credkart_login_excel_ddt_003 - 37 - Opening browser and getting https://automation.credence.in/login
2026-01-28 08:33:33,937 - INFO - test_Credkart_login_excel_ddt_003 - 42 - Entering the Email Credencetest@test.com
2026-01-28 08:33:33,937 - INFO - test_Credkart_login_excel_ddt_003 - 42 - Entering the Email Credencetest@test.com
2026-01-28 08:33:34,015 - INFO - test_Credkart_login_excel_ddt_003 - 44 - Entering the password
2026-01-28 08:33:34,015 - INFO - test_Credkart_login_excel_ddt_003 - 44 - Entering the password
2026-01-28 08:33:34,101 - INFO - test_Credkart_login_excel_ddt_003 - 46 - Clicking on login button
2026-01-28 08:33:34,101 - INFO - test_Credkart_login_excel_ddt_003 - 46 - Clicking on login button
2026-01-28 08:33:35,080 - INFO - test_Credkart_login_excel_ddt_003 - 48 - Checking the login status
2026-01-28 08:33:35,080 - INFO - test_Credkart_login_excel_ddt_003 - 48 - Checking the login status
2026-01-28 08:33:40,138 - INFO - test_Credkart_login_excel_ddt_003 - 59 - User login fail and taking screenshot
2026-01-28 08:33:40,138 - INFO - test_Credkart_login_excel_ddt_003 - 59 - User login fail and taking screenshot
2026-01-28 08:33:40,898 - INFO - test_Credkart_login_excel_ddt_003 - 37 - Opening browser and getting https://automation.credence.in/login
2026-01-28 08:33:40,898 - INFO - test_Credkart_login_excel_ddt_003 - 37 - Opening browser and getting https://automation.credence.in/login
2026-01-28 08:33:41,017 - INFO - test_Credkart_login_excel_ddt_003 - 42 - Entering the Email Credencetest@test.com11
2026-01-28 08:33:41,017 - INFO - test_Credkart_login_excel_ddt_003 - 42 - Entering the Email Credencetest@test.com11
2026-01-28 08:33:41,084 - INFO - test_Credkart_login_excel_ddt_003 - 44 - Entering the password
2026-01-28 08:33:41,084 - INFO - test_Credkart_login_excel_ddt_003 - 44 - Entering the password
2026-01-28 08:33:41,158 - INFO - test_Credkart_login_excel_ddt_003 - 46 - Clicking on login button
2026-01-28 08:33:41,158 - INFO - test_Credkart_login_excel_ddt_003 - 46 - Clicking on login button
2026-01-28 08:33:42,032 - INFO - test_Credkart_login_excel_ddt_003 - 48 - Checking the login status
2026-01-28 08:33:42,032 - INFO - test_Credkart_login_excel_ddt_003 - 48 - Checking the login status
2026-01-28 08:33:47,056 - INFO - test_Credkart_login_excel_ddt_003 - 59 - User login fail and taking screenshot
2026-01-28 08:33:47,056 - INFO - test_Credkart_login_excel_ddt_003 - 59 - User login fail and taking screenshot
2026-01-28 08:33:47,373 - INFO - test_Credkart_login_excel_ddt_003 - 74 - All the testcases are passed
2026-01-28 08:33:47,373 - INFO - test_Credkart_login_excel_ddt_003 - 74 - All the testcases are passed
2026-01-28 08:33:47,374 - INFO - test_Credkart_login_excel_ddt_003 - 79 - Testcase test_Credkart_login_excel_ddt_003 is completed
2026-01-28 08:33:47,374 - INFO - test_Credkart_login_excel_ddt_003 - 79 - Testcase test_Credkart_login_excel_ddt_003 is completed
2026-01-28 08:36:31,741 - INFO - test_Credkart_login_excel_ddt_003 - 29 - Testcase test_Credkart_login_excel_ddt_003 is started
2026-01-28 08:36:31,741 - INFO - test_Credkart_login_excel_ddt_003 - 29 - Testcase test_Credkart_login_excel_ddt_003 is started
2026-01-28 08:36:31,741 - INFO - test_Credkart_login_excel_ddt_003 - 31 - Reading data from excel
2026-01-28 08:36:31,741 - INFO - test_Credkart_login_excel_ddt_003 - 31 - Reading data from excel
2026-01-28 08:36:31,942 - INFO - test_Credkart_login_excel_ddt_003 - 33 - Number of rows in excel is 5
2026-01-28 08:36:31,942 - INFO - test_Credkart_login_excel_ddt_003 - 33 - Number of rows in excel is 5
2026-01-28 08:36:33,587 - INFO - test_Credkart_login_excel_ddt_003 - 38 - Opening browser and getting https://automation.credence.in/login
2026-01-28 08:36:33,587 - INFO - test_Credkart_login_excel_ddt_003 - 38 - Opening browser and getting https://automation.credence.in/login
2026-01-28 08:36:33,961 - INFO - test_Credkart_login_excel_ddt_003 - 43 - Entering the Email Credencetest@test.com
2026-01-28 08:36:33,961 - INFO - test_Credkart_login_excel_ddt_003 - 43 - Entering the Email Credencetest@test.com
2026-01-28 08:36:34,248 - INFO - test_Credkart_login_excel_ddt_003 - 45 - Entering the password
2026-01-28 08:36:34,248 - INFO - test_Credkart_login_excel_ddt_003 - 45 - Entering the password
2026-01-28 08:36:34,580 - INFO - test_Credkart_login_excel_ddt_003 - 47 - Clicking on login button
2026-01-28 08:36:34,580 - INFO - test_Credkart_login_excel_ddt_003 - 47 - Clicking on login button
2026-01-28 08:36:38,165 - INFO - test_verify_Credkart_url_001 - 43 - Testcase test_verify_Credkart_url_001 is started
2026-01-28 08:36:38,165 - INFO - test_verify_Credkart_url_001 - 43 - Testcase test_verify_Credkart_url_001 is started
2026-01-28 08:36:39,566 - INFO - test_verify_Credkart_url_001 - 45 - Opening browser and getting https://automation.credence.in/login
2026-01-28 08:36:39,566 - INFO - test_verify_Credkart_url_001 - 45 - Opening browser and getting https://automation.credence.in/login
2026-01-28 08:36:39,567 - INFO - test_verify_Credkart_url_001 - 46 - Checking driver title
2026-01-28 08:36:39,567 - INFO - test_verify_Credkart_url_001 - 46 - Checking driver title
2026-01-28 08:36:39,584 - INFO - test_verify_Credkart_url_001 - 48 - Testcase test_verify_Credkart_url_001 is passed
2026-01-28 08:36:39,584 - INFO - test_verify_Credkart_url_001 - 48 - Testcase test_verify_Credkart_url_001 is passed
2026-01-28 08:36:39,584 - INFO - test_verify_Credkart_url_001 - 49 - Taking screenshot
2026-01-28 08:36:39,584 - INFO - test_verify_Credkart_url_001 - 49 - Taking screenshot
2026-01-28 08:36:40,016 - INFO - test_verify_Credkart_url_001 - 56 - Testcase test_verify_Credkart_url_001 is completed
2026-01-28 08:36:40,016 - INFO - test_verify_Credkart_url_001 - 56 - Testcase test_verify_Credkart_url_001 is completed
2026-01-28 08:36:40,618 - INFO - test_Credkart_login_excel_ddt_003 - 49 - Checking the login status
2026-01-28 08:36:40,618 - INFO - test_Credkart_login_excel_ddt_003 - 49 - Checking the login status
2026-01-28 08:36:40,903 - INFO - test_Credkart_login_excel_ddt_003 - 51 - User login successful and taking screenshot
2026-01-28 08:36:40,903 - INFO - test_Credkart_login_excel_ddt_003 - 51 - User login successful and taking screenshot
2026-01-28 08:36:41,534 - INFO - test_Credkart_login_excel_ddt_003 - 53 - Clicking on menu button
2026-01-28 08:36:41,534 - INFO - test_Credkart_login_excel_ddt_003 - 53 - Clicking on menu button
2026-01-28 08:36:41,845 - INFO - test_Credkart_login_excel_ddt_003 - 55 - Clicking on logout button
2026-01-28 08:36:41,845 - INFO - test_Credkart_login_excel_ddt_003 - 55 - Clicking on logout button
2026-01-28 08:36:44,471 - INFO - test_Credkart_login_002 - 60 - Testcase test_Credkart_login_002 is started
2026-01-28 08:36:44,471 - INFO - test_Credkart_login_002 - 60 - Testcase test_Credkart_login_002 is started
2026-01-28 08:36:46,459 - INFO - test_Credkart_login_excel_ddt_003 - 38 - Opening browser and getting https://automation.credence.in/login
2026-01-28 08:36:46,459 - INFO - test_Credkart_login_excel_ddt_003 - 38 - Opening browser and getting https://automation.credence.in/login
2026-01-28 08:36:46,745 - INFO - test_Credkart_login_002 - 62 - Opening browser and getting https://automation.credence.in/login
2026-01-28 08:36:46,745 - INFO - test_Credkart_login_002 - 62 - Opening browser and getting https://automation.credence.in/login
2026-01-28 08:36:46,746 - INFO - test_Credkart_login_002 - 71 - Entering the Email Credencetest@test.com
2026-01-28 08:36:46,746 - INFO - test_Credkart_login_002 - 71 - Entering the Email Credencetest@test.com
2026-01-28 08:36:46,749 - INFO - test_Credkart_login_excel_ddt_003 - 43 - Entering the Email Credencetest@test.com11
2026-01-28 08:36:46,749 - INFO - test_Credkart_login_excel_ddt_003 - 43 - Entering the Email Credencetest@test.com11
2026-01-28 08:36:47,462 - INFO - test_Credkart_login_excel_ddt_003 - 45 - Entering the password
2026-01-28 08:36:47,462 - INFO - test_Credkart_login_excel_ddt_003 - 45 - Entering the password
2026-01-28 08:36:47,680 - INFO - test_Credkart_login_excel_ddt_003 - 47 - Clicking on login button
2026-01-28 08:36:47,680 - INFO - test_Credkart_login_excel_ddt_003 - 47 - Clicking on login button
2026-01-28 08:36:47,713 - INFO - test_Credkart_login_002 - 78 - Entering the password
2026-01-28 08:36:47,713 - INFO - test_Credkart_login_002 - 78 - Entering the password
2026-01-28 08:36:47,975 - INFO - test_Credkart_login_002 - 84 - Clicking on login button
2026-01-28 08:36:47,975 - INFO - test_Credkart_login_002 - 84 - Clicking on login button
2026-01-28 08:36:49,253 - INFO - test_Credkart_registration_003 - 120 - Testcase test_Credkart_login_002 is started
2026-01-28 08:36:49,253 - INFO - test_Credkart_registration_003 - 120 - Testcase test_Credkart_login_002 is started
2026-01-28 08:36:49,733 - INFO - test_Credkart_login_excel_ddt_003 - 49 - Checking the login status
2026-01-28 08:36:49,733 - INFO - test_Credkart_login_excel_ddt_003 - 49 - Checking the login status
2026-01-28 08:36:50,651 - INFO - test_Credkart_registration_003 - 122 - Opening browser and getting https://automation.credence.in/register
2026-01-28 08:36:50,651 - INFO - test_Credkart_registration_003 - 122 - Opening browser and getting https://automation.credence.in/register
2026-01-28 08:36:50,764 - INFO - test_Credkart_registration_003 - 125 - Generated fake data for username--> amanda99 and email --> kochsydney@example.org
2026-01-28 08:36:50,764 - INFO - test_Credkart_registration_003 - 125 - Generated fake data for username--> amanda99 and email --> kochsydney@example.org
2026-01-28 08:36:50,765 - INFO - test_Credkart_registration_003 - 129 - Entering the Username--> amanda99
2026-01-28 08:36:50,765 - INFO - test_Credkart_registration_003 - 129 - Entering the Username--> amanda99
2026-01-28 08:36:50,995 - INFO - test_Credkart_registration_003 - 132 - Entering the Email--> kochsydney@example.org
2026-01-28 08:36:50,995 - INFO - test_Credkart_registration_003 - 132 - Entering the Email--> kochsydney@example.org
2026-01-28 08:36:51,093 - INFO - test_Credkart_registration_003 - 135 - Entering the Password
2026-01-28 08:36:51,093 - INFO - test_Credkart_registration_003 - 135 - Entering the Password
2026-01-28 08:36:51,249 - INFO - test_Credkart_registration_003 - 138 - Entering the Confirm Password
2026-01-28 08:36:51,249 - INFO - test_Credkart_registration_003 - 138 - Entering the Confirm Password
2026-01-28 08:36:51,345 - INFO - test_Credkart_registration_003 - 141 - Clicking on register button
2026-01-28 08:36:51,345 - INFO - test_Credkart_registration_003 - 141 - Clicking on register button
2026-01-28 08:36:52,682 - INFO - test_Credkart_login_002 - 104 - Checking the login status
2026-01-28 08:36:52,682 - INFO - test_Credkart_login_002 - 104 - Checking the login status
2026-01-28 08:36:52,830 - INFO - test_Credkart_login_002 - 106 - User login successful and taking screenshot
2026-01-28 08:36:52,830 - INFO - test_Credkart_login_002 - 106 - User login successful and taking screenshot
2026-01-28 08:36:53,196 - INFO - test_Credkart_login_002 - 108 - Clicking on menu button
2026-01-28 08:36:53,196 - INFO - test_Credkart_login_002 - 108 - Clicking on menu button
2026-01-28 08:36:53,427 - INFO - test_Credkart_login_002 - 110 - Clicking on logout button
2026-01-28 08:36:53,427 - INFO - test_Credkart_login_002 - 110 - Clicking on logout button
2026-01-28 08:36:54,376 - INFO - test_Credkart_registration_003 - 145 - User registration successful and taking screenshot
2026-01-28 08:36:54,376 - INFO - test_Credkart_registration_003 - 145 - User registration successful and taking screenshot
2026-01-28 08:36:54,603 - INFO - test_Credkart_registration_003 - 147 - Clicking on menu button
2026-01-28 08:36:54,603 - INFO - test_Credkart_registration_003 - 147 - Clicking on menu button
2026-01-28 08:36:54,703 - INFO - test_Credkart_registration_003 - 149 - Clicking on logout button
2026-01-28 08:36:54,703 - INFO - test_Credkart_registration_003 - 149 - Clicking on logout button
2026-01-28 08:36:54,783 - INFO - test_Credkart_login_excel_ddt_003 - 60 - User login fail and taking screenshot
2026-01-28 08:36:54,783 - INFO - test_Credkart_login_excel_ddt_003 - 60 - User login fail and taking screenshot
2026-01-28 08:36:55,149 - INFO - test_Credkart_login_002 - 116 - Testcase test_Credkart_login_002 is completed
2026-01-28 08:36:55,149 - INFO - test_Credkart_login_002 - 116 - Testcase test_Credkart_login_002 is completed
2026-01-28 08:36:56,068 - INFO - test_Credkart_registration_003 - 155 - Testcase test_Credkart_registration_003 is completed
2026-01-28 08:36:56,068 - INFO - test_Credkart_registration_003 - 155 - Testcase test_Credkart_registration_003 is completed
2026-01-28 08:36:56,418 - INFO - test_Credkart_login_excel_ddt_003 - 38 - Opening browser and getting https://automation.credence.in/login
2026-01-28 08:36:56,418 - INFO - test_Credkart_login_excel_ddt_003 - 38 - Opening browser and getting https://automation.credence.in/login
2026-01-28 08:36:56,580 - INFO - test_Credkart_login_excel_ddt_003 - 43 - Entering the Email Credencetest@test.com
2026-01-28 08:36:56,580 - INFO - test_Credkart_login_excel_ddt_003 - 43 - Entering the Email Credencetest@test.com
2026-01-28 08:36:56,694 - INFO - test_Credkart_login_excel_ddt_003 - 45 - Entering the password
2026-01-28 08:36:56,694 - INFO - test_Credkart_login_excel_ddt_003 - 45 - Entering the password
2026-01-28 08:36:56,760 - INFO - test_Credkart_login_excel_ddt_003 - 47 - Clicking on login button
2026-01-28 08:36:56,760 - INFO - test_Credkart_login_excel_ddt_003 - 47 - Clicking on login button
2026-01-28 08:36:58,133 - INFO - test_Credkart_login_excel_ddt_003 - 49 - Checking the login status
2026-01-28 08:36:58,133 - INFO - test_Credkart_login_excel_ddt_003 - 49 - Checking the login status
2026-01-28 08:37:03,181 - INFO - test_Credkart_login_excel_ddt_003 - 60 - User login fail and taking screenshot
2026-01-28 08:37:03,181 - INFO - test_Credkart_login_excel_ddt_003 - 60 - User login fail and taking screenshot
2026-01-28 08:37:04,079 - INFO - test_Credkart_login_excel_ddt_003 - 38 - Opening browser and getting https://automation.credence.in/login
2026-01-28 08:37:04,079 - INFO - test_Credkart_login_excel_ddt_003 - 38 - Opening browser and getting https://automation.credence.in/login
2026-01-28 08:37:04,211 - INFO - test_Credkart_login_excel_ddt_003 - 43 - Entering the Email Credencetest@test.com11
2026-01-28 08:37:04,211 - INFO - test_Credkart_login_excel_ddt_003 - 43 - Entering the Email Credencetest@test.com11
2026-01-28 08:37:04,273 - INFO - test_Credkart_login_excel_ddt_003 - 45 - Entering the password
2026-01-28 08:37:04,273 - INFO - test_Credkart_login_excel_ddt_003 - 45 - Entering the password
2026-01-28 08:37:04,370 - INFO - test_Credkart_login_excel_ddt_003 - 47 - Clicking on login button
2026-01-28 08:37:04,370 - INFO - test_Credkart_login_excel_ddt_003 - 47 - Clicking on login button
2026-01-28 08:37:05,394 - INFO - test_Credkart_login_excel_ddt_003 - 49 - Checking the login status
2026-01-28 08:37:05,394 - INFO - test_Credkart_login_excel_ddt_003 - 49 - Checking the login status
2026-01-28 08:37:10,452 - INFO - test_Credkart_login_excel_ddt_003 - 60 - User login fail and taking screenshot
2026-01-28 08:37:10,452 - INFO - test_Credkart_login_excel_ddt_003 - 60 - User login fail and taking screenshot
2026-01-28 08:37:10,668 - INFO - test_Credkart_login_excel_ddt_003 - 75 - All the testcases are passed
2026-01-28 08:37:10,668 - INFO - test_Credkart_login_excel_ddt_003 - 75 - All the testcases are passed
2026-01-28 08:37:10,668 - INFO - test_Credkart_login_excel_ddt_003 - 80 - Testcase test_Credkart_login_excel_ddt_003 is completed
2026-01-28 08:37:10,668 - INFO - test_Credkart_login_excel_ddt_003 - 80 - Testcase test_Credkart_login_excel_ddt_003 is completed
2026-01-28 08:38:26,739 - INFO - test_Credkart_login_excel_ddt_003 - 29 - Testcase test_Credkart_login_excel_ddt_003 is started
2026-01-28 08:38:26,739 - INFO - test_Credkart_login_excel_ddt_003 - 29 - Testcase test_Credkart_login_excel_ddt_003 is started
2026-01-28 08:38:26,740 - INFO - test_Credkart_login_excel_ddt_003 - 31 - Reading data from excel
2026-01-28 08:38:26,740 - INFO - test_Credkart_login_excel_ddt_003 - 31 - Reading data from excel
2026-01-28 08:38:26,937 - INFO - test_Credkart_registration_003 - 120 - Testcase test_Credkart_login_002 is started
2026-01-28 08:38:26,937 - INFO - test_Credkart_registration_003 - 120 - Testcase test_Credkart_login_002 is started
2026-01-28 08:38:26,948 - INFO - test_Credkart_login_excel_ddt_003 - 33 - Number of rows in excel is 5
2026-01-28 08:38:26,948 - INFO - test_Credkart_login_excel_ddt_003 - 33 - Number of rows in excel is 5
2026-01-28 08:38:27,642 - INFO - test_verify_Credkart_url_001 - 43 - Testcase test_verify_Credkart_url_001 is started
2026-01-28 08:38:27,642 - INFO - test_verify_Credkart_url_001 - 43 - Testcase test_verify_Credkart_url_001 is started
2026-01-28 08:38:27,709 - INFO - test_Credkart_login_002 - 60 - Testcase test_Credkart_login_002 is started
2026-01-28 08:38:27,709 - INFO - test_Credkart_login_002 - 60 - Testcase test_Credkart_login_002 is started
2026-01-28 08:38:28,441 - INFO - test_Credkart_registration_003 - 122 - Opening browser and getting https://automation.credence.in/register
2026-01-28 08:38:28,441 - INFO - test_Credkart_registration_003 - 122 - Opening browser and getting https://automation.credence.in/register
2026-01-28 08:38:28,463 - INFO - test_Credkart_login_002 - 62 - Opening browser and getting https://automation.credence.in/login
2026-01-28 08:38:28,463 - INFO - test_Credkart_login_002 - 62 - Opening browser and getting https://automation.credence.in/login
2026-01-28 08:38:28,464 - INFO - test_Credkart_login_002 - 71 - Entering the Email Credencetest@test.com
2026-01-28 08:38:28,464 - INFO - test_Credkart_login_002 - 71 - Entering the Email Credencetest@test.com
2026-01-28 08:38:28,619 - INFO - test_verify_Credkart_url_001 - 45 - Opening browser and getting https://automation.credence.in/login
2026-01-28 08:38:28,619 - INFO - test_verify_Credkart_url_001 - 45 - Opening browser and getting https://automation.credence.in/login
2026-01-28 08:38:28,620 - INFO - test_verify_Credkart_url_001 - 46 - Checking driver title
2026-01-28 08:38:28,620 - INFO - test_verify_Credkart_url_001 - 46 - Checking driver title
2026-01-28 08:38:28,633 - INFO - test_Credkart_registration_003 - 125 - Generated fake data for username--> james85 and email --> amanda54@example.com
2026-01-28 08:38:28,633 - INFO - test_Credkart_registration_003 - 125 - Generated fake data for username--> james85 and email --> amanda54@example.com
2026-01-28 08:38:28,634 - INFO - test_Credkart_registration_003 - 129 - Entering the Username--> james85
2026-01-28 08:38:28,634 - INFO - test_Credkart_registration_003 - 129 - Entering the Username--> james85
2026-01-28 08:38:29,127 - INFO - test_Credkart_login_excel_ddt_003 - 38 - Opening browser and getting https://automation.credence.in/login
2026-01-28 08:38:29,127 - INFO - test_Credkart_login_excel_ddt_003 - 38 - Opening browser and getting https://automation.credence.in/login
2026-01-28 08:38:29,471 - INFO - test_verify_Credkart_url_001 - 48 - Testcase test_verify_Credkart_url_001 is passed
2026-01-28 08:38:29,471 - INFO - test_verify_Credkart_url_001 - 48 - Testcase test_verify_Credkart_url_001 is passed
2026-01-28 08:38:29,473 - INFO - test_verify_Credkart_url_001 - 49 - Taking screenshot
2026-01-28 08:38:29,473 - INFO - test_verify_Credkart_url_001 - 49 - Taking screenshot
2026-01-28 08:38:29,511 - INFO - test_Credkart_login_excel_ddt_003 - 43 - Entering the Email Credencetest@test.com
2026-01-28 08:38:29,511 - INFO - test_Credkart_login_excel_ddt_003 - 43 - Entering the Email Credencetest@test.com
2026-01-28 08:38:30,134 - INFO - test_Credkart_registration_003 - 132 - Entering the Email--> amanda54@example.com
2026-01-28 08:38:30,134 - INFO - test_Credkart_registration_003 - 132 - Entering the Email--> amanda54@example.com
2026-01-28 08:38:30,282 - INFO - test_verify_Credkart_url_001 - 56 - Testcase test_verify_Credkart_url_001 is completed
2026-01-28 08:38:30,282 - INFO - test_verify_Credkart_url_001 - 56 - Testcase test_verify_Credkart_url_001 is completed
2026-01-28 08:38:30,660 - INFO - test_Credkart_login_excel_ddt_003 - 45 - Entering the password
2026-01-28 08:38:30,660 - INFO - test_Credkart_login_excel_ddt_003 - 45 - Entering the password
2026-01-28 08:38:30,705 - INFO - test_Credkart_login_002 - 78 - Entering the password
2026-01-28 08:38:30,705 - INFO - test_Credkart_login_002 - 78 - Entering the password
2026-01-28 08:38:31,169 - INFO - test_Credkart_login_excel_ddt_003 - 47 - Clicking on login button
2026-01-28 08:38:31,169 - INFO - test_Credkart_login_excel_ddt_003 - 47 - Clicking on login button
2026-01-28 08:38:31,298 - INFO - test_Credkart_registration_003 - 135 - Entering the Password
2026-01-28 08:38:31,298 - INFO - test_Credkart_registration_003 - 135 - Entering the Password
2026-01-28 08:38:31,386 - INFO - test_Credkart_login_002 - 84 - Clicking on login button
2026-01-28 08:38:31,386 - INFO - test_Credkart_login_002 - 84 - Clicking on login button
2026-01-28 08:38:32,229 - INFO - test_Credkart_registration_003 - 138 - Entering the Confirm Password
2026-01-28 08:38:32,229 - INFO - test_Credkart_registration_003 - 138 - Entering the Confirm Password
2026-01-28 08:38:32,889 - INFO - test_Credkart_registration_003 - 141 - Clicking on register button
2026-01-28 08:38:32,889 - INFO - test_Credkart_registration_003 - 141 - Clicking on register button
2026-01-28 08:38:34,381 - INFO - test_Credkart_login_excel_ddt_003 - 49 - Checking the login status
2026-01-28 08:38:34,381 - INFO - test_Credkart_login_excel_ddt_003 - 49 - Checking the login status
2026-01-28 08:38:34,600 - INFO - test_Credkart_login_excel_ddt_003 - 51 - User login successful and taking screenshot
2026-01-28 08:38:34,600 - INFO - test_Credkart_login_excel_ddt_003 - 51 - User login successful and taking screenshot
2026-01-28 08:38:34,635 - INFO - test_Credkart_login_002 - 104 - Checking the login status
2026-01-28 08:38:34,635 - INFO - test_Credkart_login_002 - 104 - Checking the login status
2026-01-28 08:38:34,774 - INFO - test_Credkart_login_002 - 106 - User login successful and taking screenshot
2026-01-28 08:38:34,774 - INFO - test_Credkart_login_002 - 106 - User login successful and taking screenshot
2026-01-28 08:38:34,975 - INFO - test_Credkart_login_excel_ddt_003 - 53 - Clicking on menu button
2026-01-28 08:38:34,975 - INFO - test_Credkart_login_excel_ddt_003 - 53 - Clicking on menu button
2026-01-28 08:38:35,315 - INFO - test_Credkart_login_excel_ddt_003 - 55 - Clicking on logout button
2026-01-28 08:38:35,315 - INFO - test_Credkart_login_excel_ddt_003 - 55 - Clicking on logout button
2026-01-28 08:38:35,352 - INFO - test_Credkart_login_002 - 108 - Clicking on menu button
2026-01-28 08:38:35,352 - INFO - test_Credkart_login_002 - 108 - Clicking on menu button
2026-01-28 08:38:35,719 - INFO - test_Credkart_registration_003 - 145 - User registration successful and taking screenshot
2026-01-28 08:38:35,719 - INFO - test_Credkart_registration_003 - 145 - User registration successful and taking screenshot
2026-01-28 08:38:35,819 - INFO - test_Credkart_login_002 - 110 - Clicking on logout button
2026-01-28 08:38:35,819 - INFO - test_Credkart_login_002 - 110 - Clicking on logout button
2026-01-28 08:38:36,200 - INFO - test_Credkart_login_002 - 116 - Testcase test_Credkart_login_002 is completed
2026-01-28 08:38:36,200 - INFO - test_Credkart_login_002 - 116 - Testcase test_Credkart_login_002 is completed
2026-01-28 08:38:36,348 - INFO - test_Credkart_registration_003 - 147 - Clicking on menu button
2026-01-28 08:38:36,348 - INFO - test_Credkart_registration_003 - 147 - Clicking on menu button
2026-01-28 08:38:36,892 - INFO - test_Credkart_registration_003 - 149 - Clicking on logout button
2026-01-28 08:38:36,892 - INFO - test_Credkart_registration_003 - 149 - Clicking on logout button
2026-01-28 08:38:37,413 - INFO - test_Credkart_login_excel_ddt_003 - 38 - Opening browser and getting https://automation.credence.in/login
2026-01-28 08:38:37,413 - INFO - test_Credkart_login_excel_ddt_003 - 38 - Opening browser and getting https://automation.credence.in/login
2026-01-28 08:38:37,631 - INFO - test_Credkart_login_excel_ddt_003 - 43 - Entering the Email Credencetest@test.com11
2026-01-28 08:38:37,631 - INFO - test_Credkart_login_excel_ddt_003 - 43 - Entering the Email Credencetest@test.com11
2026-01-28 08:38:38,112 - INFO - test_Credkart_login_excel_ddt_003 - 45 - Entering the password
2026-01-28 08:38:38,112 - INFO - test_Credkart_login_excel_ddt_003 - 45 - Entering the password
2026-01-28 08:38:38,328 - INFO - test_Credkart_login_excel_ddt_003 - 47 - Clicking on login button
2026-01-28 08:38:38,328 - INFO - test_Credkart_login_excel_ddt_003 - 47 - Clicking on login button
2026-01-28 08:38:38,477 - INFO - test_Credkart_registration_003 - 155 - Testcase test_Credkart_registration_003 is completed
2026-01-28 08:38:38,477 - INFO - test_Credkart_registration_003 - 155 - Testcase test_Credkart_registration_003 is completed
2026-01-28 08:38:39,548 - INFO - test_Credkart_login_excel_ddt_003 - 49 - Checking the login status
2026-01-28 08:38:39,548 - INFO - test_Credkart_login_excel_ddt_003 - 49 - Checking the login status
2026-01-28 08:38:44,646 - INFO - test_Credkart_login_excel_ddt_003 - 60 - User login fail and taking screenshot
2026-01-28 08:38:44,646 - INFO - test_Credkart_login_excel_ddt_003 - 60 - User login fail and taking screenshot
2026-01-28 08:38:45,343 - INFO - test_Credkart_login_excel_ddt_003 - 38 - Opening browser and getting https://automation.credence.in/login
2026-01-28 08:38:45,343 - INFO - test_Credkart_login_excel_ddt_003 - 38 - Opening browser and getting https://automation.credence.in/login
2026-01-28 08:38:45,418 - INFO - test_Credkart_login_excel_ddt_003 - 43 - Entering the Email Credencetest@test.com
2026-01-28 08:38:45,418 - INFO - test_Credkart_login_excel_ddt_003 - 43 - Entering the Email Credencetest@test.com
2026-01-28 08:38:45,657 - INFO - test_Credkart_login_excel_ddt_003 - 45 - Entering the password
2026-01-28 08:38:45,657 - INFO - test_Credkart_login_excel_ddt_003 - 45 - Entering the password
2026-01-28 08:38:45,873 - INFO - test_Credkart_login_excel_ddt_003 - 47 - Clicking on login button
2026-01-28 08:38:45,873 - INFO - test_Credkart_login_excel_ddt_003 - 47 - Clicking on login button
2026-01-28 08:38:46,865 - INFO - test_Credkart_login_excel_ddt_003 - 49 - Checking the login status
2026-01-28 08:38:46,865 - INFO - test_Credkart_login_excel_ddt_003 - 49 - Checking the login status
2026-01-28 08:38:51,904 - INFO - test_Credkart_login_excel_ddt_003 - 60 - User login fail and taking screenshot
2026-01-28 08:38:51,904 - INFO - test_Credkart_login_excel_ddt_003 - 60 - User login fail and taking screenshot
2026-01-28 08:38:52,591 - INFO - test_Credkart_login_excel_ddt_003 - 38 - Opening browser and getting https://automation.credence.in/login
2026-01-28 08:38:52,591 - INFO - test_Credkart_login_excel_ddt_003 - 38 - Opening browser and getting https://automation.credence.in/login
2026-01-28 08:38:52,654 - INFO - test_Credkart_login_excel_ddt_003 - 43 - Entering the Email Credencetest@test.com11
2026-01-28 08:38:52,654 - INFO - test_Credkart_login_excel_ddt_003 - 43 - Entering the Email Credencetest@test.com11
2026-01-28 08:38:52,922 - INFO - test_Credkart_login_excel_ddt_003 - 45 - Entering the password
2026-01-28 08:38:52,922 - INFO - test_Credkart_login_excel_ddt_003 - 45 - Entering the password
2026-01-28 08:38:53,108 - INFO - test_Credkart_login_excel_ddt_003 - 47 - Clicking on login button
2026-01-28 08:38:53,108 - INFO - test_Credkart_login_excel_ddt_003 - 47 - Clicking on login button
2026-01-28 08:38:54,066 - INFO - test_Credkart_login_excel_ddt_003 - 49 - Checking the login status
2026-01-28 08:38:54,066 - INFO - test_Credkart_login_excel_ddt_003 - 49 - Checking the login status
2026-01-28 08:38:59,083 - INFO - test_Credkart_login_excel_ddt_003 - 60 - User login fail and taking screenshot
2026-01-28 08:38:59,083 - INFO - test_Credkart_login_excel_ddt_003 - 60 - User login fail and taking screenshot
2026-01-28 08:38:59,383 - INFO - test_Credkart_login_excel_ddt_003 - 75 - All the testcases are passed
2026-01-28 08:38:59,383 - INFO - test_Credkart_login_excel_ddt_003 - 75 - All the testcases are passed
2026-01-28 08:38:59,384 - INFO - test_Credkart_login_excel_ddt_003 - 80 - Testcase test_Credkart_login_excel_ddt_003 is completed
2026-01-28 08:38:59,384 - INFO - test_Credkart_login_excel_ddt_003 - 80 - Testcase test_Credkart_login_excel_ddt_003 is completed
2026-01-28 08:47:19,392 - INFO - test_verify_Credkart_url_001 - 45 - Testcase test_verify_Credkart_url_001 is started
2026-01-28 08:47:19,392 - INFO - test_verify_Credkart_url_001 - 45 - Testcase test_verify_Credkart_url_001 is started
2026-01-28 08:47:19,406 - INFO - test_Credkart_login_excel_ddt_004 - 31 - Testcase test_Credkart_login_excel_ddt_004 is started
2026-01-28 08:47:19,406 - INFO - test_Credkart_login_excel_ddt_004 - 31 - Testcase test_Credkart_login_excel_ddt_004 is started
2026-01-28 08:47:19,408 - INFO - test_Credkart_login_excel_ddt_004 - 33 - Reading data from excel
2026-01-28 08:47:19,408 - INFO - test_Credkart_login_excel_ddt_004 - 33 - Reading data from excel
2026-01-28 08:47:19,804 - INFO - test_Credkart_login_excel_ddt_004 - 35 - Number of rows in excel is 5
2026-01-28 08:47:19,804 - INFO - test_Credkart_login_excel_ddt_004 - 35 - Number of rows in excel is 5
2026-01-28 08:47:19,909 - INFO - test_Credkart_registration_003 - 126 - Testcase test_Credkart_login_002 is started
2026-01-28 08:47:19,909 - INFO - test_Credkart_registration_003 - 126 - Testcase test_Credkart_login_002 is started
2026-01-28 08:47:20,424 - INFO - test_verify_Credkart_url_001 - 47 - Opening browser and getting https://automation.credence.in/login
2026-01-28 08:47:20,424 - INFO - test_verify_Credkart_url_001 - 47 - Opening browser and getting https://automation.credence.in/login
2026-01-28 08:47:20,425 - INFO - test_verify_Credkart_url_001 - 48 - Checking driver title
2026-01-28 08:47:20,425 - INFO - test_verify_Credkart_url_001 - 48 - Checking driver title
2026-01-28 08:47:20,730 - INFO - test_verify_Credkart_url_001 - 54 - Testcase test_verify_Credkart_url_001 is failed
2026-01-28 08:47:20,730 - INFO - test_verify_Credkart_url_001 - 54 - Testcase test_verify_Credkart_url_001 is failed
2026-01-28 08:47:20,730 - INFO - test_verify_Credkart_url_001 - 55 - Taking screenshot
2026-01-28 08:47:20,730 - INFO - test_verify_Credkart_url_001 - 55 - Taking screenshot
2026-01-28 08:47:21,458 - INFO - test_Credkart_registration_003 - 128 - Opening browser and getting https://automation.credence.in/register
2026-01-28 08:47:21,458 - INFO - test_Credkart_registration_003 - 128 - Opening browser and getting https://automation.credence.in/register
2026-01-28 08:47:21,908 - INFO - test_Credkart_registration_003 - 131 - Generated fake data for username--> twade and email --> matthewestrada@example.com
2026-01-28 08:47:21,908 - INFO - test_Credkart_registration_003 - 131 - Generated fake data for username--> twade and email --> matthewestrada@example.com
2026-01-28 08:47:21,909 - INFO - test_Credkart_registration_003 - 135 - Entering the Username--> twade
2026-01-28 08:47:21,909 - INFO - test_Credkart_registration_003 - 135 - Entering the Username--> twade
2026-01-28 08:47:22,752 - INFO - test_Credkart_login_002 - 64 - Testcase test_Credkart_login_002 is started
2026-01-28 08:47:22,752 - INFO - test_Credkart_login_002 - 64 - Testcase test_Credkart_login_002 is started
2026-01-28 08:47:22,778 - INFO - test_Credkart_login_excel_ddt_004 - 40 - Opening browser and getting https://automation.credence.in/login
2026-01-28 08:47:22,778 - INFO - test_Credkart_login_excel_ddt_004 - 40 - Opening browser and getting https://automation.credence.in/login
2026-01-28 08:47:23,144 - INFO - test_Credkart_login_excel_ddt_004 - 45 - Entering the Email Credencetest@test.com
2026-01-28 08:47:23,144 - INFO - test_Credkart_login_excel_ddt_004 - 45 - Entering the Email Credencetest@test.com
2026-01-28 08:47:23,479 - INFO - test_Credkart_registration_003 - 138 - Entering the Email--> matthewestrada@example.com
2026-01-28 08:47:23,479 - INFO - test_Credkart_registration_003 - 138 - Entering the Email--> matthewestrada@example.com
2026-01-28 08:47:23,781 - INFO - test_Credkart_login_002 - 66 - Opening browser and getting https://automation.credence.in/login
2026-01-28 08:47:23,781 - INFO - test_Credkart_login_002 - 66 - Opening browser and getting https://automation.credence.in/login
2026-01-28 08:47:23,782 - INFO - test_Credkart_login_002 - 75 - Entering the Email Credencetest@test.com
2026-01-28 08:47:23,782 - INFO - test_Credkart_login_002 - 75 - Entering the Email Credencetest@test.com
2026-01-28 08:47:23,928 - INFO - test_Credkart_login_excel_ddt_004 - 47 - Entering the password
2026-01-28 08:47:23,928 - INFO - test_Credkart_login_excel_ddt_004 - 47 - Entering the password
2026-01-28 08:47:24,279 - INFO - test_verify_Credkart_url_001 - 45 - Testcase test_verify_Credkart_url_001 is started
2026-01-28 08:47:24,279 - INFO - test_verify_Credkart_url_001 - 45 - Testcase test_verify_Credkart_url_001 is started
2026-01-28 08:47:24,892 - INFO - test_Credkart_registration_003 - 141 - Entering the Password
2026-01-28 08:47:24,892 - INFO - test_Credkart_registration_003 - 141 - Entering the Password
2026-01-28 08:47:24,897 - INFO - test_verify_Credkart_url_001 - 47 - Opening browser and getting https://automation.credence.in/login
2026-01-28 08:47:24,897 - INFO - test_verify_Credkart_url_001 - 47 - Opening browser and getting https://automation.credence.in/login
2026-01-28 08:47:24,899 - INFO - test_verify_Credkart_url_001 - 48 - Checking driver title
2026-01-28 08:47:24,899 - INFO - test_verify_Credkart_url_001 - 48 - Checking driver title
2026-01-28 08:47:24,945 - INFO - test_Credkart_login_excel_ddt_004 - 49 - Clicking on login button
2026-01-28 08:47:24,945 - INFO - test_Credkart_login_excel_ddt_004 - 49 - Clicking on login button
2026-01-28 08:47:24,977 - INFO - test_verify_Credkart_url_001 - 54 - Testcase test_verify_Credkart_url_001 is failed
2026-01-28 08:47:24,977 - INFO - test_verify_Credkart_url_001 - 54 - Testcase test_verify_Credkart_url_001 is failed
2026-01-28 08:47:24,977 - INFO - test_verify_Credkart_url_001 - 55 - Taking screenshot
2026-01-28 08:47:24,977 - INFO - test_verify_Credkart_url_001 - 55 - Taking screenshot
2026-01-28 08:47:25,314 - INFO - test_Credkart_login_002 - 82 - Entering the password
2026-01-28 08:47:25,314 - INFO - test_Credkart_login_002 - 82 - Entering the password
2026-01-28 08:47:26,230 - INFO - test_Credkart_login_002 - 88 - Clicking on login button
2026-01-28 08:47:26,230 - INFO - test_Credkart_login_002 - 88 - Clicking on login button
2026-01-28 08:47:26,241 - INFO - test_Credkart_registration_003 - 144 - Entering the Confirm Password
2026-01-28 08:47:26,241 - INFO - test_Credkart_registration_003 - 144 - Entering the Confirm Password
2026-01-28 08:47:26,859 - INFO - test_Credkart_registration_003 - 147 - Clicking on register button
2026-01-28 08:47:26,859 - INFO - test_Credkart_registration_003 - 147 - Clicking on register button
2026-01-28 08:47:28,481 - INFO - test_Credkart_login_excel_ddt_004 - 51 - Checking the login status
2026-01-28 08:47:28,481 - INFO - test_Credkart_login_excel_ddt_004 - 51 - Checking the login status
2026-01-28 08:47:28,644 - INFO - test_Credkart_login_excel_ddt_004 - 53 - User login successful and taking screenshot
2026-01-28 08:47:28,644 - INFO - test_Credkart_login_excel_ddt_004 - 53 - User login successful and taking screenshot
2026-01-28 08:47:28,980 - INFO - test_Credkart_login_002 - 108 - Checking the login status
2026-01-28 08:47:28,980 - INFO - test_Credkart_login_002 - 108 - Checking the login status
2026-01-28 08:47:29,162 - INFO - test_Credkart_login_002 - 110 - User login successful and taking screenshot
2026-01-28 08:47:29,162 - INFO - test_Credkart_login_002 - 110 - User login successful and taking screenshot
2026-01-28 08:47:29,309 - INFO - test_Credkart_login_excel_ddt_004 - 55 - Clicking on menu button
2026-01-28 08:47:29,309 - INFO - test_Credkart_login_excel_ddt_004 - 55 - Clicking on menu button
2026-01-28 08:47:29,620 - INFO - test_Credkart_login_002 - 112 - Clicking on menu button
2026-01-28 08:47:29,620 - INFO - test_Credkart_login_002 - 112 - Clicking on menu button
2026-01-28 08:47:29,759 - INFO - test_Credkart_login_excel_ddt_004 - 57 - Clicking on logout button
2026-01-28 08:47:29,759 - INFO - test_Credkart_login_excel_ddt_004 - 57 - Clicking on logout button
2026-01-28 08:47:29,908 - INFO - test_Credkart_registration_003 - 151 - User registration successful and taking screenshot
2026-01-28 08:47:29,908 - INFO - test_Credkart_registration_003 - 151 - User registration successful and taking screenshot
2026-01-28 08:47:30,014 - INFO - test_Credkart_login_002 - 114 - Clicking on logout button
2026-01-28 08:47:30,014 - INFO - test_Credkart_login_002 - 114 - Clicking on logout button
2026-01-28 08:47:30,545 - INFO - test_Credkart_registration_003 - 153 - Clicking on menu button
2026-01-28 08:47:30,545 - INFO - test_Credkart_registration_003 - 153 - Clicking on menu button
2026-01-28 08:47:31,015 - INFO - test_Credkart_registration_003 - 155 - Clicking on logout button
2026-01-28 08:47:31,015 - INFO - test_Credkart_registration_003 - 155 - Clicking on logout button
2026-01-28 08:47:31,696 - INFO - test_Credkart_login_002 - 120 - Testcase test_Credkart_login_002 is completed
2026-01-28 08:47:31,696 - INFO - test_Credkart_login_002 - 120 - Testcase test_Credkart_login_002 is completed
2026-01-28 08:47:32,505 - INFO - test_Credkart_login_excel_ddt_004 - 40 - Opening browser and getting https://automation.credence.in/login
2026-01-28 08:47:32,505 - INFO - test_Credkart_login_excel_ddt_004 - 40 - Opening browser and getting https://automation.credence.in/login
2026-01-28 08:47:33,002 - INFO - test_Credkart_login_excel_ddt_004 - 45 - Entering the Email Credencetest@test.com11
2026-01-28 08:47:33,002 - INFO - test_Credkart_login_excel_ddt_004 - 45 - Entering the Email Credencetest@test.com11
2026-01-28 08:47:33,292 - INFO - test_Credkart_registration_003 - 161 - Testcase test_Credkart_registration_003 is completed
2026-01-28 08:47:33,292 - INFO - test_Credkart_registration_003 - 161 - Testcase test_Credkart_registration_003 is completed
2026-01-28 08:47:34,160 - INFO - test_Credkart_login_excel_ddt_004 - 47 - Entering the password
2026-01-28 08:47:34,160 - INFO - test_Credkart_login_excel_ddt_004 - 47 - Entering the password
2026-01-28 08:47:34,878 - INFO - test_Credkart_login_excel_ddt_004 - 49 - Clicking on login button
2026-01-28 08:47:34,878 - INFO - test_Credkart_login_excel_ddt_004 - 49 - Clicking on login button
2026-01-28 08:47:36,063 - INFO - test_Credkart_login_excel_ddt_004 - 51 - Checking the login status
2026-01-28 08:47:36,063 - INFO - test_Credkart_login_excel_ddt_004 - 51 - Checking the login status
2026-01-28 08:47:41,098 - INFO - test_Credkart_login_excel_ddt_004 - 62 - User login fail and taking screenshot
2026-01-28 08:47:41,098 - INFO - test_Credkart_login_excel_ddt_004 - 62 - User login fail and taking screenshot
2026-01-28 08:47:41,830 - INFO - test_Credkart_login_excel_ddt_004 - 40 - Opening browser and getting https://automation.credence.in/login
2026-01-28 08:47:41,830 - INFO - test_Credkart_login_excel_ddt_004 - 40 - Opening browser and getting https://automation.credence.in/login
2026-01-28 08:47:41,926 - INFO - test_Credkart_login_excel_ddt_004 - 45 - Entering the Email Credencetest@test.com
2026-01-28 08:47:41,926 - INFO - test_Credkart_login_excel_ddt_004 - 45 - Entering the Email Credencetest@test.com
2026-01-28 08:47:42,186 - INFO - test_Credkart_login_excel_ddt_004 - 47 - Entering the password
2026-01-28 08:47:42,186 - INFO - test_Credkart_login_excel_ddt_004 - 47 - Entering the password
2026-01-28 08:47:42,490 - INFO - test_Credkart_login_excel_ddt_004 - 49 - Clicking on login button
2026-01-28 08:47:42,490 - INFO - test_Credkart_login_excel_ddt_004 - 49 - Clicking on login button
2026-01-28 08:47:43,475 - INFO - test_Credkart_login_excel_ddt_004 - 51 - Checking the login status
2026-01-28 08:47:43,475 - INFO - test_Credkart_login_excel_ddt_004 - 51 - Checking the login status
2026-01-28 08:47:48,540 - INFO - test_Credkart_login_excel_ddt_004 - 62 - User login fail and taking screenshot
2026-01-28 08:47:48,540 - INFO - test_Credkart_login_excel_ddt_004 - 62 - User login fail and taking screenshot
2026-01-28 08:47:49,274 - INFO - test_Credkart_login_excel_ddt_004 - 40 - Opening browser and getting https://automation.credence.in/login
2026-01-28 08:47:49,274 - INFO - test_Credkart_login_excel_ddt_004 - 40 - Opening browser and getting https://automation.credence.in/login
2026-01-28 08:47:49,353 - INFO - test_Credkart_login_excel_ddt_004 - 45 - Entering the Email Credencetest@test.com11
2026-01-28 08:47:49,353 - INFO - test_Credkart_login_excel_ddt_004 - 45 - Entering the Email Credencetest@test.com11
2026-01-28 08:47:49,593 - INFO - test_Credkart_login_excel_ddt_004 - 47 - Entering the password
2026-01-28 08:47:49,593 - INFO - test_Credkart_login_excel_ddt_004 - 47 - Entering the password
2026-01-28 08:47:49,821 - INFO - test_Credkart_login_excel_ddt_004 - 49 - Clicking on login button
2026-01-28 08:47:49,821 - INFO - test_Credkart_login_excel_ddt_004 - 49 - Clicking on login button
2026-01-28 08:47:50,728 - INFO - test_Credkart_login_excel_ddt_004 - 51 - Checking the login status
2026-01-28 08:47:50,728 - INFO - test_Credkart_login_excel_ddt_004 - 51 - Checking the login status
2026-01-28 08:47:55,777 - INFO - test_Credkart_login_excel_ddt_004 - 62 - User login fail and taking screenshot
2026-01-28 08:47:55,777 - INFO - test_Credkart_login_excel_ddt_004 - 62 - User login fail and taking screenshot
2026-01-28 08:47:56,114 - INFO - test_Credkart_login_excel_ddt_004 - 77 - All the testcases are passed
2026-01-28 08:47:56,114 - INFO - test_Credkart_login_excel_ddt_004 - 77 - All the testcases are passed
2026-01-28 08:47:56,115 - INFO - test_Credkart_login_excel_ddt_004 - 82 - Testcase test_Credkart_login_excel_ddt_004 is completed
2026-01-28 08:47:56,115 - INFO - test_Credkart_login_excel_ddt_004 - 82 - Testcase test_Credkart_login_excel_ddt_004 is completed
2026-01-28 08:48:14,968 - INFO - test_Credkart_login_excel_ddt_004 - 31 - Testcase test_Credkart_login_excel_ddt_004 is started
2026-01-28 08:48:14,968 - INFO - test_Credkart_login_excel_ddt_004 - 31 - Testcase test_Credkart_login_excel_ddt_004 is started
2026-01-28 08:48:14,970 - INFO - test_Credkart_login_excel_ddt_004 - 33 - Reading data from excel
2026-01-28 08:48:14,970 - INFO - test_Credkart_login_excel_ddt_004 - 33 - Reading data from excel
2026-01-28 08:48:15,087 - INFO - test_Credkart_login_excel_ddt_004 - 35 - Number of rows in excel is 5
2026-01-28 08:48:15,087 - INFO - test_Credkart_login_excel_ddt_004 - 35 - Number of rows in excel is 5
2026-01-28 08:48:15,680 - INFO - test_Credkart_login_excel_ddt_004 - 40 - Opening browser and getting https://automation.credence.in/login
2026-01-28 08:48:15,680 - INFO - test_Credkart_login_excel_ddt_004 - 40 - Opening browser and getting https://automation.credence.in/login
2026-01-28 08:48:15,767 - INFO - test_Credkart_login_excel_ddt_004 - 45 - Entering the Email Credencetest@test.com
2026-01-28 08:48:15,767 - INFO - test_Credkart_login_excel_ddt_004 - 45 - Entering the Email Credencetest@test.com
2026-01-28 08:48:16,666 - INFO - test_Credkart_login_excel_ddt_004 - 47 - Entering the password
2026-01-28 08:48:16,666 - INFO - test_Credkart_login_excel_ddt_004 - 47 - Entering the password
2026-01-28 08:48:17,023 - INFO - test_Credkart_login_excel_ddt_004 - 49 - Clicking on login button
2026-01-28 08:48:17,023 - INFO - test_Credkart_login_excel_ddt_004 - 49 - Clicking on login button
2026-01-28 08:48:19,970 - INFO - test_Credkart_login_excel_ddt_004 - 51 - Checking the login status
2026-01-28 08:48:19,970 - INFO - test_Credkart_login_excel_ddt_004 - 51 - Checking the login status
2026-01-28 08:48:20,043 - INFO - test_Credkart_login_excel_ddt_004 - 53 - User login successful and taking screenshot
2026-01-28 08:48:20,043 - INFO - test_Credkart_login_excel_ddt_004 - 53 - User login successful and taking screenshot
2026-01-28 08:48:20,309 - INFO - test_Credkart_login_excel_ddt_004 - 55 - Clicking on menu button
2026-01-28 08:48:20,309 - INFO - test_Credkart_login_excel_ddt_004 - 55 - Clicking on menu button
2026-01-28 08:48:20,509 - INFO - test_Credkart_login_excel_ddt_004 - 57 - Clicking on logout button
2026-01-28 08:48:20,509 - INFO - test_Credkart_login_excel_ddt_004 - 57 - Clicking on logout button
2026-01-28 08:48:22,361 - INFO - test_Credkart_login_excel_ddt_004 - 40 - Opening browser and getting https://automation.credence.in/login
2026-01-28 08:48:22,361 - INFO - test_Credkart_login_excel_ddt_004 - 40 - Opening browser and getting https://automation.credence.in/login
2026-01-28 08:48:22,471 - INFO - test_Credkart_login_excel_ddt_004 - 45 - Entering the Email Credencetest@test.com11
2026-01-28 08:48:22,471 - INFO - test_Credkart_login_excel_ddt_004 - 45 - Entering the Email Credencetest@test.com11
2026-01-28 08:48:22,745 - INFO - test_Credkart_login_excel_ddt_004 - 47 - Entering the password
2026-01-28 08:48:22,745 - INFO - test_Credkart_login_excel_ddt_004 - 47 - Entering the password
2026-01-28 08:48:22,983 - INFO - test_Credkart_login_excel_ddt_004 - 49 - Clicking on login button
2026-01-28 08:48:22,983 - INFO - test_Credkart_login_excel_ddt_004 - 49 - Clicking on login button
2026-01-28 08:48:23,873 - INFO - test_Credkart_login_excel_ddt_004 - 51 - Checking the login status
2026-01-28 08:48:23,873 - INFO - test_Credkart_login_excel_ddt_004 - 51 - Checking the login status
2026-01-28 08:48:28,925 - INFO - test_Credkart_login_excel_ddt_004 - 62 - User login fail and taking screenshot
2026-01-28 08:48:28,925 - INFO - test_Credkart_login_excel_ddt_004 - 62 - User login fail and taking screenshot
2026-01-28 08:48:29,805 - INFO - test_Credkart_login_excel_ddt_004 - 40 - Opening browser and getting https://automation.credence.in/login
2026-01-28 08:48:29,805 - INFO - test_Credkart_login_excel_ddt_004 - 40 - Opening browser and getting https://automation.credence.in/login
2026-01-28 08:48:29,938 - INFO - test_Credkart_login_excel_ddt_004 - 45 - Entering the Email Credencetest@test.com
2026-01-28 08:48:29,938 - INFO - test_Credkart_login_excel_ddt_004 - 45 - Entering the Email Credencetest@test.com
2026-01-28 08:48:30,304 - INFO - test_Credkart_login_excel_ddt_004 - 47 - Entering the password
2026-01-28 08:48:30,304 - INFO - test_Credkart_login_excel_ddt_004 - 47 - Entering the password
2026-01-28 08:48:30,523 - INFO - test_Credkart_login_excel_ddt_004 - 49 - Clicking on login button
2026-01-28 08:48:30,523 - INFO - test_Credkart_login_excel_ddt_004 - 49 - Clicking on login button
2026-01-28 08:48:31,601 - INFO - test_Credkart_login_excel_ddt_004 - 51 - Checking the login status
2026-01-28 08:48:31,601 - INFO - test_Credkart_login_excel_ddt_004 - 51 - Checking the login status
2026-01-28 08:48:36,662 - INFO - test_Credkart_login_excel_ddt_004 - 62 - User login fail and taking screenshot
2026-01-28 08:48:36,662 - INFO - test_Credkart_login_excel_ddt_004 - 62 - User login fail and taking screenshot
2026-01-28 08:48:38,177 - INFO - test_Credkart_login_excel_ddt_004 - 40 - Opening browser and getting https://automation.credence.in/login
2026-01-28 08:48:38,177 - INFO - test_Credkart_login_excel_ddt_004 - 40 - Opening browser and getting https://automation.credence.in/login
2026-01-28 08:48:38,258 - INFO - test_Credkart_login_excel_ddt_004 - 45 - Entering the Email Credencetest@test.com11
2026-01-28 08:48:38,258 - INFO - test_Credkart_login_excel_ddt_004 - 45 - Entering the Email Credencetest@test.com11
2026-01-28 08:48:38,537 - INFO - test_Credkart_login_excel_ddt_004 - 47 - Entering the password
2026-01-28 08:48:38,537 - INFO - test_Credkart_login_excel_ddt_004 - 47 - Entering the password
2026-01-28 08:48:38,735 - INFO - test_Credkart_login_excel_ddt_004 - 49 - Clicking on login button
2026-01-28 08:48:38,735 - INFO - test_Credkart_login_excel_ddt_004 - 49 - Clicking on login button
2026-01-28 08:48:39,655 - INFO - test_Credkart_login_excel_ddt_004 - 51 - Checking the login status
2026-01-28 08:48:39,655 - INFO - test_Credkart_login_excel_ddt_004 - 51 - Checking the login status
2026-01-28 08:48:44,689 - INFO - test_Credkart_login_excel_ddt_004 - 62 - User login fail and taking screenshot
2026-01-28 08:48:44,689 - INFO - test_Credkart_login_excel_ddt_004 - 62 - User login fail and taking screenshot
2026-01-28 08:48:44,993 - INFO - test_Credkart_login_excel_ddt_004 - 77 - All the testcases are passed
2026-01-28 08:48:44,993 - INFO - test_Credkart_login_excel_ddt_004 - 77 - All the testcases are passed
2026-01-28 08:48:44,994 - INFO - test_Credkart_login_excel_ddt_004 - 82 - Testcase test_Credkart_login_excel_ddt_004 is completed
2026-01-28 08:48:44,994 - INFO - test_Credkart_login_excel_ddt_004 - 82 - Testcase test_Credkart_login_excel_ddt_004 is completed
2026-01-28 08:48:49,127 - INFO - test_verify_Credkart_url_001 - 45 - Testcase test_verify_Credkart_url_001 is started
2026-01-28 08:48:49,127 - INFO - test_verify_Credkart_url_001 - 45 - Testcase test_verify_Credkart_url_001 is started
2026-01-28 08:48:50,356 - INFO - test_verify_Credkart_url_001 - 47 - Opening browser and getting https://automation.credence.in/login
2026-01-28 08:48:50,356 - INFO - test_verify_Credkart_url_001 - 47 - Opening browser and getting https://automation.credence.in/login
2026-01-28 08:48:50,356 - INFO - test_verify_Credkart_url_001 - 48 - Checking driver title
2026-01-28 08:48:50,356 - INFO - test_verify_Credkart_url_001 - 48 - Checking driver title
2026-01-28 08:48:50,378 - INFO - test_verify_Credkart_url_001 - 54 - Testcase test_verify_Credkart_url_001 is failed
2026-01-28 08:48:50,378 - INFO - test_verify_Credkart_url_001 - 54 - Testcase test_verify_Credkart_url_001 is failed
2026-01-28 08:48:50,379 - INFO - test_verify_Credkart_url_001 - 55 - Taking screenshot
2026-01-28 08:48:50,379 - INFO - test_verify_Credkart_url_001 - 55 - Taking screenshot
2026-01-28 08:48:51,361 - INFO - test_verify_Credkart_url_001 - 45 - Testcase test_verify_Credkart_url_001 is started
2026-01-28 08:48:51,361 - INFO - test_verify_Credkart_url_001 - 45 - Testcase test_verify_Credkart_url_001 is started
2026-01-28 08:48:51,788 - INFO - test_verify_Credkart_url_001 - 47 - Opening browser and getting https://automation.credence.in/login
2026-01-28 08:48:51,788 - INFO - test_verify_Credkart_url_001 - 47 - Opening browser and getting https://automation.credence.in/login
2026-01-28 08:48:51,789 - INFO - test_verify_Credkart_url_001 - 48 - Checking driver title
2026-01-28 08:48:51,789 - INFO - test_verify_Credkart_url_001 - 48 - Checking driver title
2026-01-28 08:48:51,799 - INFO - test_verify_Credkart_url_001 - 54 - Testcase test_verify_Credkart_url_001 is failed
2026-01-28 08:48:51,799 - INFO - test_verify_Credkart_url_001 - 54 - Testcase test_verify_Credkart_url_001 is failed
2026-01-28 08:48:51,800 - INFO - test_verify_Credkart_url_001 - 55 - Taking screenshot
2026-01-28 08:48:51,800 - INFO - test_verify_Credkart_url_001 - 55 - Taking screenshot
2026-01-28 08:48:52,245 - INFO - test_Credkart_login_002 - 64 - Testcase test_Credkart_login_002 is started
2026-01-28 08:48:52,245 - INFO - test_Credkart_login_002 - 64 - Testcase test_Credkart_login_002 is started
2026-01-28 08:48:52,668 - INFO - test_Credkart_login_002 - 66 - Opening browser and getting https://automation.credence.in/login
2026-01-28 08:48:52,668 - INFO - test_Credkart_login_002 - 66 - Opening browser and getting https://automation.credence.in/login
2026-01-28 08:48:52,670 - INFO - test_Credkart_login_002 - 75 - Entering the Email Credencetest@test.com
2026-01-28 08:48:52,670 - INFO - test_Credkart_login_002 - 75 - Entering the Email Credencetest@test.com
2026-01-28 08:48:52,935 - INFO - test_Credkart_login_002 - 82 - Entering the password
2026-01-28 08:48:52,935 - INFO - test_Credkart_login_002 - 82 - Entering the password
2026-01-28 08:48:53,090 - INFO - test_Credkart_login_002 - 88 - Clicking on login button
2026-01-28 08:48:53,090 - INFO - test_Credkart_login_002 - 88 - Clicking on login button
2026-01-28 08:48:55,576 - INFO - test_Credkart_login_002 - 108 - Checking the login status
2026-01-28 08:48:55,576 - INFO - test_Credkart_login_002 - 108 - Checking the login status
2026-01-28 08:48:55,665 - INFO - test_Credkart_login_002 - 110 - User login successful and taking screenshot
2026-01-28 08:48:55,665 - INFO - test_Credkart_login_002 - 110 - User login successful and taking screenshot
2026-01-28 08:48:55,948 - INFO - test_Credkart_login_002 - 112 - Clicking on menu button
2026-01-28 08:48:55,948 - INFO - test_Credkart_login_002 - 112 - Clicking on menu button
2026-01-28 08:48:56,133 - INFO - test_Credkart_login_002 - 114 - Clicking on logout button
2026-01-28 08:48:56,133 - INFO - test_Credkart_login_002 - 114 - Clicking on logout button
2026-01-28 08:48:57,467 - INFO - test_Credkart_login_002 - 120 - Testcase test_Credkart_login_002 is completed
2026-01-28 08:48:57,467 - INFO - test_Credkart_login_002 - 120 - Testcase test_Credkart_login_002 is completed
2026-01-28 08:48:57,476 - INFO - test_Credkart_registration_003 - 126 - Testcase test_Credkart_login_002 is started
2026-01-28 08:48:57,476 - INFO - test_Credkart_registration_003 - 126 - Testcase test_Credkart_login_002 is started
2026-01-28 08:48:57,899 - INFO - test_Credkart_registration_003 - 128 - Opening browser and getting https://automation.credence.in/register
2026-01-28 08:48:57,899 - INFO - test_Credkart_registration_003 - 128 - Opening browser and getting https://automation.credence.in/register
2026-01-28 08:48:57,916 - INFO - test_Credkart_registration_003 - 131 - Generated fake data for username--> scottsamantha and email --> cody25@example.net
2026-01-28 08:48:57,916 - INFO - test_Credkart_registration_003 - 131 - Generated fake data for username--> scottsamantha and email --> cody25@example.net
2026-01-28 08:48:57,916 - INFO - test_Credkart_registration_003 - 135 - Entering the Username--> scottsamantha
2026-01-28 08:48:57,916 - INFO - test_Credkart_registration_003 - 135 - Entering the Username--> scottsamantha
2026-01-28 08:48:58,114 - INFO - test_Credkart_registration_003 - 138 - Entering the Email--> cody25@example.net
2026-01-28 08:48:58,114 - INFO - test_Credkart_registration_003 - 138 - Entering the Email--> cody25@example.net
2026-01-28 08:48:58,423 - INFO - test_Credkart_registration_003 - 141 - Entering the Password
2026-01-28 08:48:58,423 - INFO - test_Credkart_registration_003 - 141 - Entering the Password
2026-01-28 08:48:58,603 - INFO - test_Credkart_registration_003 - 144 - Entering the Confirm Password
2026-01-28 08:48:58,603 - INFO - test_Credkart_registration_003 - 144 - Entering the Confirm Password
2026-01-28 08:48:58,787 - INFO - test_Credkart_registration_003 - 147 - Clicking on register button
2026-01-28 08:48:58,787 - INFO - test_Credkart_registration_003 - 147 - Clicking on register button
2026-01-28 08:49:00,886 - INFO - test_Credkart_registration_003 - 151 - User registration successful and taking screenshot
2026-01-28 08:49:00,886 - INFO - test_Credkart_registration_003 - 151 - User registration successful and taking screenshot
2026-01-28 08:49:01,157 - INFO - test_Credkart_registration_003 - 153 - Clicking on menu button
2026-01-28 08:49:01,157 - INFO - test_Credkart_registration_003 - 153 - Clicking on menu button
2026-01-28 08:49:01,349 - INFO - test_Credkart_registration_003 - 155 - Clicking on logout button
2026-01-28 08:49:01,349 - INFO - test_Credkart_registration_003 - 155 - Clicking on logout button
2026-01-28 08:49:02,670 - INFO - test_Credkart_registration_003 - 161 - Testcase test_Credkart_registration_003 is completed
2026-01-28 08:49:02,670 - INFO - test_Credkart_registration_003 - 161 - Testcase test_Credkart_registration_003 is completed
2026-01-28 08:50:07,727 - INFO - test_Credkart_login_002 - 64 - Testcase test_Credkart_login_002 is started
2026-01-28 08:50:07,842 - INFO - test_Credkart_registration_003 - 126 - Testcase test_Credkart_login_002 is started
2026-01-28 08:50:07,870 - INFO - test_verify_Credkart_url_001 - 45 - Testcase test_verify_Credkart_url_001 is started
2026-01-28 08:50:08,317 - INFO - test_Credkart_login_002 - 66 - Opening browser and getting https://automation.credence.in/login
2026-01-28 08:50:08,317 - INFO - test_Credkart_login_002 - 75 - Entering the Email Credencetest@test.com
2026-01-28 08:50:08,483 - INFO - test_verify_Credkart_url_001 - 47 - Opening browser and getting https://automation.credence.in/login
2026-01-28 08:50:08,483 - INFO - test_verify_Credkart_url_001 - 48 - Checking driver title
2026-01-28 08:50:08,889 - INFO - test_verify_Credkart_url_001 - 54 - Testcase test_verify_Credkart_url_001 is failed
2026-01-28 08:50:08,890 - INFO - test_verify_Credkart_url_001 - 55 - Taking screenshot
2026-01-28 08:50:09,114 - INFO - test_Credkart_registration_003 - 128 - Opening browser and getting https://automation.credence.in/register
2026-01-28 08:50:09,150 - INFO - test_Credkart_registration_003 - 131 - Generated fake data for username--> cindy90 and email --> bmiles@example.com
2026-01-28 08:50:09,151 - INFO - test_Credkart_registration_003 - 135 - Entering the Username--> cindy90
2026-01-28 08:50:09,750 - INFO - test_Credkart_login_002 - 82 - Entering the password
2026-01-28 08:50:09,820 - INFO - test_Credkart_registration_003 - 138 - Entering the Email--> bmiles@example.com
2026-01-28 08:50:10,089 - INFO - test_Credkart_login_002 - 88 - Clicking on login button
2026-01-28 08:50:10,326 - INFO - test_Credkart_registration_003 - 141 - Entering the Password
2026-01-28 08:50:10,704 - INFO - test_Credkart_registration_003 - 144 - Entering the Confirm Password
2026-01-28 08:50:10,764 - INFO - test_verify_Credkart_url_001 - 45 - Testcase test_verify_Credkart_url_001 is started
2026-01-28 08:50:11,024 - INFO - test_Credkart_registration_003 - 147 - Clicking on register button
2026-01-28 08:50:11,371 - INFO - test_verify_Credkart_url_001 - 47 - Opening browser and getting https://automation.credence.in/login
2026-01-28 08:50:11,371 - INFO - test_verify_Credkart_url_001 - 48 - Checking driver title
2026-01-28 08:50:11,417 - INFO - test_verify_Credkart_url_001 - 54 - Testcase test_verify_Credkart_url_001 is failed
2026-01-28 08:50:11,417 - INFO - test_verify_Credkart_url_001 - 55 - Taking screenshot
2026-01-28 08:50:12,767 - INFO - test_Credkart_login_002 - 108 - Checking the login status
2026-01-28 08:50:12,895 - INFO - test_Credkart_login_002 - 110 - User login successful and taking screenshot
2026-01-28 08:50:13,224 - INFO - test_Credkart_login_002 - 112 - Clicking on menu button
2026-01-28 08:50:13,391 - INFO - test_Credkart_login_002 - 114 - Clicking on logout button
2026-01-28 08:50:14,780 - INFO - test_Credkart_login_002 - 120 - Testcase test_Credkart_login_002 is completed
2026-01-28 08:50:16,260 - INFO - test_Credkart_registration_003 - 151 - User registration successful and taking screenshot
2026-01-28 08:50:16,589 - INFO - test_Credkart_registration_003 - 153 - Clicking on menu button
2026-01-28 08:50:16,731 - INFO - test_Credkart_registration_003 - 155 - Clicking on logout button
2026-01-28 08:50:17,999 - INFO - test_Credkart_registration_003 - 161 - Testcase test_Credkart_registration_003 is completed
2026-01-28 08:53:24,051 - INFO - test_verify_Credkart_url_001 - 45 - Testcase test_verify_Credkart_url_001 is started
2026-01-28 08:53:25,364 - INFO - test_verify_Credkart_url_001 - 47 - Opening browser and getting https://automation.credence.in/login
2026-01-28 08:53:25,364 - INFO - test_verify_Credkart_url_001 - 48 - Checking driver title
2026-01-28 08:53:25,697 - INFO - test_verify_Credkart_url_001 - 54 - Testcase test_verify_Credkart_url_001 is failed
2026-01-28 08:53:25,697 - INFO - test_verify_Credkart_url_001 - 55 - Taking screenshot
2026-01-28 08:53:26,835 - INFO - test_verify_Credkart_url_001 - 45 - Testcase test_verify_Credkart_url_001 is started
2026-01-28 08:53:27,257 - INFO - test_verify_Credkart_url_001 - 47 - Opening browser and getting https://automation.credence.in/login
2026-01-28 08:53:27,257 - INFO - test_verify_Credkart_url_001 - 48 - Checking driver title
2026-01-28 08:53:27,286 - INFO - test_verify_Credkart_url_001 - 54 - Testcase test_verify_Credkart_url_001 is failed
2026-01-28 08:53:27,286 - INFO - test_verify_Credkart_url_001 - 55 - Taking screenshot
2026-01-28 08:53:27,714 - INFO - checkDepend - 100 - skip test_Credkart_login_002 because it depends on test_verify_Credkart_url_001
2026-01-28 08:53:27,718 - INFO - checkDepend - 100 - skip test_Credkart_registration_003 because it depends on test_verify_Credkart_url_001
2026-01-28 08:53:59,660 - INFO - checkDepend - 100 - skip test_Credkart_login_excel_ddt_004 because it depends on test_verify_Credkart_url_001
2026-01-28 08:53:59,660 - INFO - checkDepend - 100 - skip test_Credkart_login_excel_ddt_004 because it depends on test_verify_Credkart_url_001
2026-01-28 08:54:01,324 - INFO - test_verify_Credkart_url_001 - 45 - Testcase test_verify_Credkart_url_001 is started
2026-01-28 08:54:01,324 - INFO - test_verify_Credkart_url_001 - 45 - Testcase test_verify_Credkart_url_001 is started
2026-01-28 08:54:02,379 - INFO - test_verify_Credkart_url_001 - 47 - Opening browser and getting https://automation.credence.in/login
2026-01-28 08:54:02,379 - INFO - test_verify_Credkart_url_001 - 47 - Opening browser and getting https://automation.credence.in/login
2026-01-28 08:54:02,379 - INFO - test_verify_Credkart_url_001 - 48 - Checking driver title
2026-01-28 08:54:02,379 - INFO - test_verify_Credkart_url_001 - 48 - Checking driver title
2026-01-28 08:54:02,503 - INFO - test_verify_Credkart_url_001 - 54 - Testcase test_verify_Credkart_url_001 is failed
2026-01-28 08:54:02,503 - INFO - test_verify_Credkart_url_001 - 54 - Testcase test_verify_Credkart_url_001 is failed
2026-01-28 08:54:02,504 - INFO - test_verify_Credkart_url_001 - 55 - Taking screenshot
2026-01-28 08:54:02,504 - INFO - test_verify_Credkart_url_001 - 55 - Taking screenshot
2026-01-28 08:54:03,453 - INFO - test_verify_Credkart_url_001 - 45 - Testcase test_verify_Credkart_url_001 is started
2026-01-28 08:54:03,453 - INFO - test_verify_Credkart_url_001 - 45 - Testcase test_verify_Credkart_url_001 is started
2026-01-28 08:54:03,839 - INFO - test_verify_Credkart_url_001 - 47 - Opening browser and getting https://automation.credence.in/login
2026-01-28 08:54:03,839 - INFO - test_verify_Credkart_url_001 - 47 - Opening browser and getting https://automation.credence.in/login
2026-01-28 08:54:03,840 - INFO - test_verify_Credkart_url_001 - 48 - Checking driver title
2026-01-28 08:54:03,840 - INFO - test_verify_Credkart_url_001 - 48 - Checking driver title
2026-01-28 08:54:03,878 - INFO - test_verify_Credkart_url_001 - 54 - Testcase test_verify_Credkart_url_001 is failed
2026-01-28 08:54:03,878 - INFO - test_verify_Credkart_url_001 - 54 - Testcase test_verify_Credkart_url_001 is failed
2026-01-28 08:54:03,880 - INFO - test_verify_Credkart_url_001 - 55 - Taking screenshot
2026-01-28 08:54:03,880 - INFO - test_verify_Credkart_url_001 - 55 - Taking screenshot
2026-01-28 08:54:04,355 - INFO - checkDepend - 100 - skip test_Credkart_login_002 because it depends on test_verify_Credkart_url_001
2026-01-28 08:54:04,355 - INFO - checkDepend - 100 - skip test_Credkart_login_002 because it depends on test_verify_Credkart_url_001
2026-01-28 08:54:04,367 - INFO - checkDepend - 100 - skip test_Credkart_registration_003 because it depends on test_verify_Credkart_url_001
2026-01-28 08:54:04,367 - INFO - checkDepend - 100 - skip test_Credkart_registration_003 because it depends on test_verify_Credkart_url_001
2026-01-28 08:56:26,325 - INFO - checkDepend - 100 - skip test_Credkart_login_002 because it depends on test_verify_Credkart_url_001
2026-01-28 08:56:26,332 - INFO - checkDepend - 100 - skip test_Credkart_registration_003 because it depends on test_verify_Credkart_url_001
2026-01-28 08:56:28,359 - INFO - test_verify_Credkart_url_001 - 46 - Testcase test_verify_Credkart_url_001 is started
2026-01-28 08:56:29,757 - INFO - test_verify_Credkart_url_001 - 48 - Opening browser and getting https://automation.credence.in/login
2026-01-28 08:56:29,758 - INFO - test_verify_Credkart_url_001 - 49 - Checking driver title
2026-01-28 08:56:29,777 - INFO - test_verify_Credkart_url_001 - 55 - Testcase test_verify_Credkart_url_001 is failed
2026-01-28 08:56:29,779 - INFO - test_verify_Credkart_url_001 - 56 - Taking screenshot
2026-01-28 08:56:30,664 - INFO - test_verify_Credkart_url_001 - 46 - Testcase test_verify_Credkart_url_001 is started
2026-01-28 08:56:31,079 - INFO - test_verify_Credkart_url_001 - 48 - Opening browser and getting https://automation.credence.in/login
2026-01-28 08:56:31,079 - INFO - test_verify_Credkart_url_001 - 49 - Checking driver title
2026-01-28 08:56:31,092 - INFO - test_verify_Credkart_url_001 - 55 - Testcase test_verify_Credkart_url_001 is failed
2026-01-28 08:56:31,092 - INFO - test_verify_Credkart_url_001 - 56 - Taking screenshot
2026-01-28 08:56:53,453 - INFO - test_verify_Credkart_url_001 - 46 - Testcase test_verify_Credkart_url_001 is started
2026-01-28 08:56:53,453 - INFO - test_verify_Credkart_url_001 - 46 - Testcase test_verify_Credkart_url_001 is started
2026-01-28 08:56:54,435 - INFO - test_verify_Credkart_url_001 - 48 - Opening browser and getting https://automation.credence.in/login
2026-01-28 08:56:54,435 - INFO - test_verify_Credkart_url_001 - 48 - Opening browser and getting https://automation.credence.in/login
2026-01-28 08:56:54,436 - INFO - test_verify_Credkart_url_001 - 49 - Checking driver title
2026-01-28 08:56:54,436 - INFO - test_verify_Credkart_url_001 - 49 - Checking driver title
2026-01-28 08:56:55,174 - INFO - test_verify_Credkart_url_001 - 55 - Testcase test_verify_Credkart_url_001 is failed
2026-01-28 08:56:55,174 - INFO - test_verify_Credkart_url_001 - 55 - Testcase test_verify_Credkart_url_001 is failed
2026-01-28 08:56:55,174 - INFO - test_verify_Credkart_url_001 - 56 - Taking screenshot
2026-01-28 08:56:55,174 - INFO - test_verify_Credkart_url_001 - 56 - Taking screenshot
2026-01-28 08:56:55,948 - INFO - test_verify_Credkart_url_001 - 46 - Testcase test_verify_Credkart_url_001 is started
2026-01-28 08:56:55,948 - INFO - test_verify_Credkart_url_001 - 46 - Testcase test_verify_Credkart_url_001 is started
2026-01-28 08:56:56,499 - INFO - test_verify_Credkart_url_001 - 48 - Opening browser and getting https://automation.credence.in/login
2026-01-28 08:56:56,499 - INFO - test_verify_Credkart_url_001 - 48 - Opening browser and getting https://automation.credence.in/login
2026-01-28 08:56:56,501 - INFO - test_verify_Credkart_url_001 - 49 - Checking driver title
2026-01-28 08:56:56,501 - INFO - test_verify_Credkart_url_001 - 49 - Checking driver title
2026-01-28 08:56:56,519 - INFO - test_verify_Credkart_url_001 - 55 - Testcase test_verify_Credkart_url_001 is failed
2026-01-28 08:56:56,519 - INFO - test_verify_Credkart_url_001 - 55 - Testcase test_verify_Credkart_url_001 is failed
2026-01-28 08:56:56,519 - INFO - test_verify_Credkart_url_001 - 56 - Taking screenshot
2026-01-28 08:56:56,519 - INFO - test_verify_Credkart_url_001 - 56 - Taking screenshot
2026-01-28 08:56:56,976 - INFO - checkDepend - 100 - skip test_Credkart_login_002 because it depends on test_verify_Credkart_url_001
2026-01-28 08:56:56,976 - INFO - checkDepend - 100 - skip test_Credkart_login_002 because it depends on test_verify_Credkart_url_001
2026-01-28 08:56:56,981 - INFO - checkDepend - 100 - skip test_Credkart_registration_003 because it depends on test_verify_Credkart_url_001
2026-01-28 08:56:56,981 - INFO - checkDepend - 100 - skip test_Credkart_registration_003 because it depends on test_verify_Credkart_url_001
2026-01-28 08:56:59,545 - INFO - checkDepend - 100 - skip test_Credkart_login_excel_ddt_004 because it depends on test_verify_Credkart_url_001
2026-01-28 08:56:59,545 - INFO - checkDepend - 100 - skip test_Credkart_login_excel_ddt_004 because it depends on test_verify_Credkart_url_001
2026-01-28 08:57:55,203 - INFO - checkDepend - 100 - skip test_Credkart_registration_003 because it depends on test_verify_Credkart_url_001
2026-01-28 08:57:55,203 - INFO - checkDepend - 100 - skip test_Credkart_login_002 because it depends on test_verify_Credkart_url_001
2026-01-28 08:57:57,086 - INFO - test_verify_Credkart_url_001 - 46 - Testcase test_verify_Credkart_url_001 is started
2026-01-28 08:57:58,070 - INFO - test_verify_Credkart_url_001 - 48 - Opening browser and getting https://automation.credence.in/login
2026-01-28 08:57:58,070 - INFO - test_verify_Credkart_url_001 - 49 - Checking driver title
2026-01-28 08:57:58,591 - INFO - test_verify_Credkart_url_001 - 51 - Testcase test_verify_Credkart_url_001 is passed
2026-01-28 08:57:58,591 - INFO - test_verify_Credkart_url_001 - 52 - Taking screenshot
2026-01-28 08:57:59,113 - INFO - test_verify_Credkart_url_001 - 59 - Testcase test_verify_Credkart_url_001 is completed
2026-01-28 08:58:22,749 - INFO - checkDepend - 100 - skip test_Credkart_registration_003 because it depends on test_verify_Credkart_url_001
2026-01-28 08:58:22,749 - INFO - checkDepend - 100 - skip test_Credkart_registration_003 because it depends on test_verify_Credkart_url_001
2026-01-28 08:58:22,750 - INFO - checkDepend - 100 - skip test_Credkart_login_excel_ddt_004 because it depends on test_verify_Credkart_url_001
2026-01-28 08:58:22,750 - INFO - checkDepend - 100 - skip test_Credkart_login_excel_ddt_004 because it depends on test_verify_Credkart_url_001
2026-01-28 08:58:24,821 - INFO - test_verify_Credkart_url_001 - 46 - Testcase test_verify_Credkart_url_001 is started
2026-01-28 08:58:24,821 - INFO - test_verify_Credkart_url_001 - 46 - Testcase test_verify_Credkart_url_001 is started
2026-01-28 08:58:25,420 - INFO - test_verify_Credkart_url_001 - 48 - Opening browser and getting https://automation.credence.in/login
2026-01-28 08:58:25,420 - INFO - test_verify_Credkart_url_001 - 48 - Opening browser and getting https://automation.credence.in/login
2026-01-28 08:58:25,421 - INFO - test_verify_Credkart_url_001 - 49 - Checking driver title
2026-01-28 08:58:25,421 - INFO - test_verify_Credkart_url_001 - 49 - Checking driver title
2026-01-28 08:58:25,689 - INFO - test_verify_Credkart_url_001 - 51 - Testcase test_verify_Credkart_url_001 is passed
2026-01-28 08:58:25,689 - INFO - test_verify_Credkart_url_001 - 51 - Testcase test_verify_Credkart_url_001 is passed
2026-01-28 08:58:25,689 - INFO - test_verify_Credkart_url_001 - 52 - Taking screenshot
2026-01-28 08:58:25,689 - INFO - test_verify_Credkart_url_001 - 52 - Taking screenshot
2026-01-28 08:58:26,286 - INFO - test_verify_Credkart_url_001 - 59 - Testcase test_verify_Credkart_url_001 is completed
2026-01-28 08:58:26,286 - INFO - test_verify_Credkart_url_001 - 59 - Testcase test_verify_Credkart_url_001 is completed
2026-01-28 08:59:30,287 - INFO - test_Credkart_login_excel_ddt_004 - 32 - Testcase test_Credkart_login_excel_ddt_004 is started
2026-01-28 08:59:30,287 - INFO - test_Credkart_login_excel_ddt_004 - 32 - Testcase test_Credkart_login_excel_ddt_004 is started
2026-01-28 08:59:30,297 - INFO - test_Credkart_login_excel_ddt_004 - 34 - Reading data from excel
2026-01-28 08:59:30,297 - INFO - test_Credkart_login_excel_ddt_004 - 34 - Reading data from excel
2026-01-28 08:59:30,336 - INFO - test_verify_Credkart_url_001 - 46 - Testcase test_verify_Credkart_url_001 is started
2026-01-28 08:59:30,336 - INFO - test_verify_Credkart_url_001 - 46 - Testcase test_verify_Credkart_url_001 is started
2026-01-28 08:59:30,456 - INFO - test_Credkart_registration_003 - 129 - Testcase test_Credkart_login_002 is started
2026-01-28 08:59:30,456 - INFO - test_Credkart_registration_003 - 129 - Testcase test_Credkart_login_002 is started
2026-01-28 08:59:30,666 - INFO - test_Credkart_login_excel_ddt_004 - 36 - Number of rows in excel is 5
2026-01-28 08:59:30,666 - INFO - test_Credkart_login_excel_ddt_004 - 36 - Number of rows in excel is 5
2026-01-28 08:59:30,993 - INFO - test_Credkart_login_002 - 66 - Testcase test_Credkart_login_002 is started
2026-01-28 08:59:30,993 - INFO - test_Credkart_login_002 - 66 - Testcase test_Credkart_login_002 is started
2026-01-28 08:59:31,126 - INFO - test_verify_Credkart_url_001 - 48 - Opening browser and getting https://automation.credence.in/login
2026-01-28 08:59:31,126 - INFO - test_verify_Credkart_url_001 - 48 - Opening browser and getting https://automation.credence.in/login
2026-01-28 08:59:31,128 - INFO - test_verify_Credkart_url_001 - 49 - Checking driver title
2026-01-28 08:59:31,128 - INFO - test_verify_Credkart_url_001 - 49 - Checking driver title
2026-01-28 08:59:31,414 - INFO - test_Credkart_login_excel_ddt_004 - 41 - Opening browser and getting https://automation.credence.in/login
2026-01-28 08:59:31,414 - INFO - test_Credkart_login_excel_ddt_004 - 41 - Opening browser and getting https://automation.credence.in/login
2026-01-28 08:59:31,737 - INFO - test_verify_Credkart_url_001 - 51 - Testcase test_verify_Credkart_url_001 is passed
2026-01-28 08:59:31,737 - INFO - test_verify_Credkart_url_001 - 51 - Testcase test_verify_Credkart_url_001 is passed
2026-01-28 08:59:31,737 - INFO - test_verify_Credkart_url_001 - 52 - Taking screenshot
2026-01-28 08:59:31,737 - INFO - test_verify_Credkart_url_001 - 52 - Taking screenshot
2026-01-28 08:59:31,991 - INFO - test_Credkart_registration_003 - 131 - Opening browser and getting https://automation.credence.in/register
2026-01-28 08:59:31,991 - INFO - test_Credkart_registration_003 - 131 - Opening browser and getting https://automation.credence.in/register
2026-01-28 08:59:32,048 - INFO - test_Credkart_login_002 - 68 - Opening browser and getting https://automation.credence.in/login
2026-01-28 08:59:32,048 - INFO - test_Credkart_login_002 - 68 - Opening browser and getting https://automation.credence.in/login
2026-01-28 08:59:32,051 - INFO - test_Credkart_login_002 - 77 - Entering the Email Credencetest@test.com
2026-01-28 08:59:32,051 - INFO - test_Credkart_login_002 - 77 - Entering the Email Credencetest@test.com
2026-01-28 08:59:32,066 - INFO - test_Credkart_login_excel_ddt_004 - 46 - Entering the Email Credencetest@test.com
2026-01-28 08:59:32,066 - INFO - test_Credkart_login_excel_ddt_004 - 46 - Entering the Email Credencetest@test.com
2026-01-28 08:59:32,109 - INFO - test_Credkart_registration_003 - 134 - Generated fake data for username--> shannon37 and email --> millerangela@example.org
2026-01-28 08:59:32,109 - INFO - test_Credkart_registration_003 - 134 - Generated fake data for username--> shannon37 and email --> millerangela@example.org
2026-01-28 08:59:32,109 - INFO - test_Credkart_registration_003 - 138 - Entering the Username--> shannon37
2026-01-28 08:59:32,109 - INFO - test_Credkart_registration_003 - 138 - Entering the Username--> shannon37
2026-01-28 08:59:32,537 - INFO - test_verify_Credkart_url_001 - 59 - Testcase test_verify_Credkart_url_001 is completed
2026-01-28 08:59:32,537 - INFO - test_verify_Credkart_url_001 - 59 - Testcase test_verify_Credkart_url_001 is completed
2026-01-28 08:59:33,525 - INFO - test_Credkart_login_excel_ddt_004 - 48 - Entering the password
2026-01-28 08:59:33,525 - INFO - test_Credkart_login_excel_ddt_004 - 48 - Entering the password
2026-01-28 08:59:33,700 - INFO - test_Credkart_registration_003 - 141 - Entering the Email--> millerangela@example.org
2026-01-28 08:59:33,700 - INFO - test_Credkart_registration_003 - 141 - Entering the Email--> millerangela@example.org
2026-01-28 08:59:33,996 - INFO - test_Credkart_login_002 - 84 - Entering the password
2026-01-28 08:59:33,996 - INFO - test_Credkart_login_002 - 84 - Entering the password
2026-01-28 08:59:34,098 - INFO - test_Credkart_login_excel_ddt_004 - 50 - Clicking on login button
2026-01-28 08:59:34,098 - INFO - test_Credkart_login_excel_ddt_004 - 50 - Clicking on login button
2026-01-28 08:59:34,506 - INFO - test_Credkart_registration_003 - 144 - Entering the Password
2026-01-28 08:59:34,506 - INFO - test_Credkart_registration_003 - 144 - Entering the Password
2026-01-28 08:59:34,672 - INFO - test_Credkart_login_002 - 90 - Clicking on login button
2026-01-28 08:59:34,672 - INFO - test_Credkart_login_002 - 90 - Clicking on login button
2026-01-28 08:59:35,123 - INFO - test_Credkart_registration_003 - 147 - Entering the Confirm Password
2026-01-28 08:59:35,123 - INFO - test_Credkart_registration_003 - 147 - Entering the Confirm Password
2026-01-28 08:59:35,596 - INFO - test_Credkart_registration_003 - 150 - Clicking on register button
2026-01-28 08:59:35,596 - INFO - test_Credkart_registration_003 - 150 - Clicking on register button
2026-01-28 08:59:37,036 - INFO - test_Credkart_login_excel_ddt_004 - 52 - Checking the login status
2026-01-28 08:59:37,036 - INFO - test_Credkart_login_excel_ddt_004 - 52 - Checking the login status
2026-01-28 08:59:37,180 - INFO - test_Credkart_login_excel_ddt_004 - 54 - User login successful and taking screenshot
2026-01-28 08:59:37,180 - INFO - test_Credkart_login_excel_ddt_004 - 54 - User login successful and taking screenshot
2026-01-28 08:59:37,640 - INFO - test_Credkart_login_excel_ddt_004 - 56 - Clicking on menu button
2026-01-28 08:59:37,640 - INFO - test_Credkart_login_excel_ddt_004 - 56 - Clicking on menu button
2026-01-28 08:59:37,880 - INFO - test_Credkart_login_002 - 110 - Checking the login status
2026-01-28 08:59:37,880 - INFO - test_Credkart_login_002 - 110 - Checking the login status
2026-01-28 08:59:38,033 - INFO - test_Credkart_login_excel_ddt_004 - 58 - Clicking on logout button
2026-01-28 08:59:38,033 - INFO - test_Credkart_login_excel_ddt_004 - 58 - Clicking on logout button
2026-01-28 08:59:38,115 - INFO - test_Credkart_login_002 - 112 - User login successful and taking screenshot
2026-01-28 08:59:38,115 - INFO - test_Credkart_login_002 - 112 - User login successful and taking screenshot
2026-01-28 08:59:38,713 - INFO - test_Credkart_login_002 - 114 - Clicking on menu button
2026-01-28 08:59:38,713 - INFO - test_Credkart_login_002 - 114 - Clicking on menu button
2026-01-28 08:59:38,765 - INFO - test_Credkart_registration_003 - 154 - User registration successful and taking screenshot
2026-01-28 08:59:38,765 - INFO - test_Credkart_registration_003 - 154 - User registration successful and taking screenshot
2026-01-28 08:59:39,111 - INFO - test_Credkart_login_002 - 116 - Clicking on logout button
2026-01-28 08:59:39,111 - INFO - test_Credkart_login_002 - 116 - Clicking on logout button
2026-01-28 08:59:39,338 - INFO - test_Credkart_registration_003 - 156 - Clicking on menu button
2026-01-28 08:59:39,338 - INFO - test_Credkart_registration_003 - 156 - Clicking on menu button
2026-01-28 08:59:39,927 - INFO - test_Credkart_registration_003 - 158 - Clicking on logout button
2026-01-28 08:59:39,927 - INFO - test_Credkart_registration_003 - 158 - Clicking on logout button
2026-01-28 08:59:40,255 - INFO - test_Credkart_login_excel_ddt_004 - 41 - Opening browser and getting https://automation.credence.in/login
2026-01-28 08:59:40,255 - INFO - test_Credkart_login_excel_ddt_004 - 41 - Opening browser and getting https://automation.credence.in/login
2026-01-28 08:59:40,431 - INFO - test_Credkart_login_excel_ddt_004 - 46 - Entering the Email Credencetest@test.com11
2026-01-28 08:59:40,431 - INFO - test_Credkart_login_excel_ddt_004 - 46 - Entering the Email Credencetest@test.com11
2026-01-28 08:59:40,998 - INFO - test_Credkart_login_002 - 122 - Testcase test_Credkart_login_002 is completed
2026-01-28 08:59:40,998 - INFO - test_Credkart_login_002 - 122 - Testcase test_Credkart_login_002 is completed
2026-01-28 08:59:42,452 - INFO - test_Credkart_login_excel_ddt_004 - 48 - Entering the password
2026-01-28 08:59:42,452 - INFO - test_Credkart_login_excel_ddt_004 - 48 - Entering the password
2026-01-28 08:59:43,562 - INFO - test_Credkart_registration_003 - 164 - Testcase test_Credkart_registration_003 is completed
2026-01-28 08:59:43,562 - INFO - test_Credkart_registration_003 - 164 - Testcase test_Credkart_registration_003 is completed
2026-01-28 08:59:43,625 - INFO - test_Credkart_login_excel_ddt_004 - 50 - Clicking on login button
2026-01-28 08:59:43,625 - INFO - test_Credkart_login_excel_ddt_004 - 50 - Clicking on login button
2026-01-28 08:59:45,178 - INFO - test_Credkart_login_excel_ddt_004 - 52 - Checking the login status
2026-01-28 08:59:45,178 - INFO - test_Credkart_login_excel_ddt_004 - 52 - Checking the login status
2026-01-28 08:59:50,229 - INFO - test_Credkart_login_excel_ddt_004 - 63 - User login fail and taking screenshot
2026-01-28 08:59:50,229 - INFO - test_Credkart_login_excel_ddt_004 - 63 - User login fail and taking screenshot
2026-01-28 08:59:50,956 - INFO - test_Credkart_login_excel_ddt_004 - 41 - Opening browser and getting https://automation.credence.in/login
2026-01-28 08:59:50,956 - INFO - test_Credkart_login_excel_ddt_004 - 41 - Opening browser and getting https://automation.credence.in/login
2026-01-28 08:59:51,027 - INFO - test_Credkart_login_excel_ddt_004 - 46 - Entering the Email Credencetest@test.com
2026-01-28 08:59:51,027 - INFO - test_Credkart_login_excel_ddt_004 - 46 - Entering the Email Credencetest@test.com
2026-01-28 08:59:51,248 - INFO - test_Credkart_login_excel_ddt_004 - 48 - Entering the password
2026-01-28 08:59:51,248 - INFO - test_Credkart_login_excel_ddt_004 - 48 - Entering the password
2026-01-28 08:59:51,452 - INFO - test_Credkart_login_excel_ddt_004 - 50 - Clicking on login button
2026-01-28 08:59:51,452 - INFO - test_Credkart_login_excel_ddt_004 - 50 - Clicking on login button
2026-01-28 08:59:52,443 - INFO - test_Credkart_login_excel_ddt_004 - 52 - Checking the login status
2026-01-28 08:59:52,443 - INFO - test_Credkart_login_excel_ddt_004 - 52 - Checking the login status
2026-01-28 08:59:57,518 - INFO - test_Credkart_login_excel_ddt_004 - 63 - User login fail and taking screenshot
2026-01-28 08:59:57,518 - INFO - test_Credkart_login_excel_ddt_004 - 63 - User login fail and taking screenshot
2026-01-28 08:59:58,390 - INFO - test_Credkart_login_excel_ddt_004 - 41 - Opening browser and getting https://automation.credence.in/login
2026-01-28 08:59:58,390 - INFO - test_Credkart_login_excel_ddt_004 - 41 - Opening browser and getting https://automation.credence.in/login
2026-01-28 08:59:58,482 - INFO - test_Credkart_login_excel_ddt_004 - 46 - Entering the Email Credencetest@test.com11
2026-01-28 08:59:58,482 - INFO - test_Credkart_login_excel_ddt_004 - 46 - Entering the Email Credencetest@test.com11
2026-01-28 08:59:58,746 - INFO - test_Credkart_login_excel_ddt_004 - 48 - Entering the password
2026-01-28 08:59:58,746 - INFO - test_Credkart_login_excel_ddt_004 - 48 - Entering the password
2026-01-28 08:59:58,952 - INFO - test_Credkart_login_excel_ddt_004 - 50 - Clicking on login button
2026-01-28 08:59:58,952 - INFO - test_Credkart_login_excel_ddt_004 - 50 - Clicking on login button
2026-01-28 08:59:59,857 - INFO - test_Credkart_login_excel_ddt_004 - 52 - Checking the login status
2026-01-28 08:59:59,857 - INFO - test_Credkart_login_excel_ddt_004 - 52 - Checking the login status
2026-01-28 09:00:04,873 - INFO - test_Credkart_login_excel_ddt_004 - 63 - User login fail and taking screenshot
2026-01-28 09:00:04,873 - INFO - test_Credkart_login_excel_ddt_004 - 63 - User login fail and taking screenshot
2026-01-28 09:00:05,200 - INFO - test_Credkart_login_excel_ddt_004 - 78 - All the testcases are passed
2026-01-28 09:00:05,200 - INFO - test_Credkart_login_excel_ddt_004 - 78 - All the testcases are passed
2026-01-28 09:00:05,201 - INFO - test_Credkart_login_excel_ddt_004 - 83 - Testcase test_Credkart_login_excel_ddt_004 is completed
2026-01-28 09:00:05,201 - INFO - test_Credkart_login_excel_ddt_004 - 83 - Testcase test_Credkart_login_excel_ddt_004 is completed
2026-01-28 09:15:16,513 - INFO - test_Credkart_login_002 - 66 - Testcase test_Credkart_login_002 is started
2026-01-28 09:15:16,513 - INFO - test_Credkart_login_002 - 66 - Testcase test_Credkart_login_002 is started
2026-01-28 09:15:16,530 - INFO - test_Credkart_login_excel_ddt_004 - 32 - Testcase test_Credkart_login_excel_ddt_004 is started
2026-01-28 09:15:16,530 - INFO - test_Credkart_login_excel_ddt_004 - 32 - Testcase test_Credkart_login_excel_ddt_004 is started
2026-01-28 09:15:16,531 - INFO - test_Credkart_login_excel_ddt_004 - 34 - Reading data from excel
2026-01-28 09:15:16,531 - INFO - test_Credkart_login_excel_ddt_004 - 34 - Reading data from excel
2026-01-28 09:15:16,694 - INFO - test_Credkart_registration_003 - 129 - Testcase test_Credkart_login_002 is started
2026-01-28 09:15:16,694 - INFO - test_Credkart_registration_003 - 129 - Testcase test_Credkart_login_002 is started
2026-01-28 09:15:16,850 - INFO - test_verify_Credkart_url_001 - 46 - Testcase test_verify_Credkart_url_001 is started
2026-01-28 09:15:16,850 - INFO - test_verify_Credkart_url_001 - 46 - Testcase test_verify_Credkart_url_001 is started
2026-01-28 09:15:16,882 - INFO - test_Credkart_login_excel_ddt_004 - 36 - Number of rows in excel is 5
2026-01-28 09:15:16,882 - INFO - test_Credkart_login_excel_ddt_004 - 36 - Number of rows in excel is 5
2026-01-28 09:15:17,514 - INFO - test_Credkart_login_002 - 68 - Opening browser and getting https://automation.credence.in/login
2026-01-28 09:15:17,514 - INFO - test_Credkart_login_002 - 68 - Opening browser and getting https://automation.credence.in/login
2026-01-28 09:15:17,515 - INFO - test_Credkart_login_002 - 77 - Entering the Email Credencetest@test.com
2026-01-28 09:15:17,515 - INFO - test_Credkart_login_002 - 77 - Entering the Email Credencetest@test.com
2026-01-28 09:15:17,938 - INFO - test_verify_Credkart_url_001 - 48 - Opening browser and getting https://automation.credence.in/login
2026-01-28 09:15:17,938 - INFO - test_verify_Credkart_url_001 - 48 - Opening browser and getting https://automation.credence.in/login
2026-01-28 09:15:17,939 - INFO - test_verify_Credkart_url_001 - 49 - Checking driver title
2026-01-28 09:15:17,939 - INFO - test_verify_Credkart_url_001 - 49 - Checking driver title
2026-01-28 09:15:17,941 - INFO - test_Credkart_login_excel_ddt_004 - 41 - Opening browser and getting https://automation.credence.in/login
2026-01-28 09:15:17,941 - INFO - test_Credkart_login_excel_ddt_004 - 41 - Opening browser and getting https://automation.credence.in/login
2026-01-28 09:15:18,421 - INFO - test_Credkart_login_excel_ddt_004 - 46 - Entering the Email Credencetest@test.com
2026-01-28 09:15:18,421 - INFO - test_Credkart_login_excel_ddt_004 - 46 - Entering the Email Credencetest@test.com
2026-01-28 09:15:18,550 - INFO - test_verify_Credkart_url_001 - 51 - Testcase test_verify_Credkart_url_001 is passed
2026-01-28 09:15:18,550 - INFO - test_verify_Credkart_url_001 - 51 - Testcase test_verify_Credkart_url_001 is passed
2026-01-28 09:15:18,551 - INFO - test_verify_Credkart_url_001 - 52 - Taking screenshot
2026-01-28 09:15:18,551 - INFO - test_verify_Credkart_url_001 - 52 - Taking screenshot
2026-01-28 09:15:18,575 - INFO - test_Credkart_registration_003 - 131 - Opening browser and getting https://automation.credence.in/register
2026-01-28 09:15:18,575 - INFO - test_Credkart_registration_003 - 131 - Opening browser and getting https://automation.credence.in/register
2026-01-28 09:15:18,612 - INFO - test_Credkart_registration_003 - 134 - Generated fake data for username--> christopherjohnson and email --> emoore@example.com
2026-01-28 09:15:18,612 - INFO - test_Credkart_registration_003 - 134 - Generated fake data for username--> christopherjohnson and email --> emoore@example.com
2026-01-28 09:15:18,614 - INFO - test_Credkart_registration_003 - 138 - Entering the Username--> christopherjohnson
2026-01-28 09:15:18,614 - INFO - test_Credkart_registration_003 - 138 - Entering the Username--> christopherjohnson
2026-01-28 09:15:19,320 - INFO - test_verify_Credkart_url_001 - 59 - Testcase test_verify_Credkart_url_001 is completed
2026-01-28 09:15:19,320 - INFO - test_verify_Credkart_url_001 - 59 - Testcase test_verify_Credkart_url_001 is completed
2026-01-28 09:15:19,729 - INFO - test_Credkart_login_002 - 84 - Entering the password
2026-01-28 09:15:19,729 - INFO - test_Credkart_login_002 - 84 - Entering the password
2026-01-28 09:15:20,260 - INFO - test_Credkart_login_excel_ddt_004 - 48 - Entering the password
2026-01-28 09:15:20,260 - INFO - test_Credkart_login_excel_ddt_004 - 48 - Entering the password
2026-01-28 09:15:20,447 - INFO - test_Credkart_registration_003 - 141 - Entering the Email--> emoore@example.com
2026-01-28 09:15:20,447 - INFO - test_Credkart_registration_003 - 141 - Entering the Email--> emoore@example.com
2026-01-28 09:15:20,558 - INFO - test_Credkart_login_002 - 90 - Clicking on login button
2026-01-28 09:15:20,558 - INFO - test_Credkart_login_002 - 90 - Clicking on login button
2026-01-28 09:15:20,761 - INFO - test_Credkart_login_excel_ddt_004 - 50 - Clicking on login button
2026-01-28 09:15:20,761 - INFO - test_Credkart_login_excel_ddt_004 - 50 - Clicking on login button
2026-01-28 09:15:20,960 - INFO - test_Credkart_registration_003 - 144 - Entering the Password
2026-01-28 09:15:20,960 - INFO - test_Credkart_registration_003 - 144 - Entering the Password
2026-01-28 09:15:21,608 - INFO - test_Credkart_registration_003 - 147 - Entering the Confirm Password
2026-01-28 09:15:21,608 - INFO - test_Credkart_registration_003 - 147 - Entering the Confirm Password
2026-01-28 09:15:22,012 - INFO - test_Credkart_registration_003 - 150 - Clicking on register button
2026-01-28 09:15:22,012 - INFO - test_Credkart_registration_003 - 150 - Clicking on register button
2026-01-28 09:15:24,612 - INFO - test_Credkart_login_excel_ddt_004 - 52 - Checking the login status
2026-01-28 09:15:24,612 - INFO - test_Credkart_login_excel_ddt_004 - 52 - Checking the login status
2026-01-28 09:15:24,806 - INFO - test_Credkart_login_excel_ddt_004 - 54 - User login successful and taking screenshot
2026-01-28 09:15:24,806 - INFO - test_Credkart_login_excel_ddt_004 - 54 - User login successful and taking screenshot
2026-01-28 09:15:25,361 - INFO - test_Credkart_login_excel_ddt_004 - 56 - Clicking on menu button
2026-01-28 09:15:25,361 - INFO - test_Credkart_login_excel_ddt_004 - 56 - Clicking on menu button
2026-01-28 09:15:25,379 - INFO - test_Credkart_registration_003 - 154 - User registration successful and taking screenshot
2026-01-28 09:15:25,379 - INFO - test_Credkart_registration_003 - 154 - User registration successful and taking screenshot
2026-01-28 09:15:26,081 - INFO - test_Credkart_login_excel_ddt_004 - 58 - Clicking on logout button
2026-01-28 09:15:26,081 - INFO - test_Credkart_login_excel_ddt_004 - 58 - Clicking on logout button
2026-01-28 09:15:26,109 - INFO - test_Credkart_registration_003 - 156 - Clicking on menu button
2026-01-28 09:15:26,109 - INFO - test_Credkart_registration_003 - 156 - Clicking on menu button
2026-01-28 09:15:26,566 - INFO - test_Credkart_registration_003 - 158 - Clicking on logout button
2026-01-28 09:15:26,566 - INFO - test_Credkart_registration_003 - 158 - Clicking on logout button
2026-01-28 09:15:29,075 - INFO - test_Credkart_login_002 - 110 - Checking the login status
2026-01-28 09:15:29,075 - INFO - test_Credkart_login_002 - 110 - Checking the login status
2026-01-28 09:15:29,847 - INFO - test_Credkart_registration_003 - 164 - Testcase test_Credkart_registration_003 is completed
2026-01-28 09:15:29,847 - INFO - test_Credkart_registration_003 - 164 - Testcase test_Credkart_registration_003 is completed
2026-01-28 09:15:29,938 - INFO - test_Credkart_login_excel_ddt_004 - 41 - Opening browser and getting https://automation.credence.in/login
2026-01-28 09:15:29,938 - INFO - test_Credkart_login_excel_ddt_004 - 41 - Opening browser and getting https://automation.credence.in/login
2026-01-28 09:15:30,098 - INFO - test_Credkart_login_excel_ddt_004 - 46 - Entering the Email Credencetest@test.com11
2026-01-28 09:15:30,098 - INFO - test_Credkart_login_excel_ddt_004 - 46 - Entering the Email Credencetest@test.com11
2026-01-28 09:15:30,400 - INFO - test_Credkart_login_002 - 112 - User login successful and taking screenshot
2026-01-28 09:15:30,400 - INFO - test_Credkart_login_002 - 112 - User login successful and taking screenshot
2026-01-28 09:15:31,405 - INFO - test_Credkart_login_002 - 114 - Clicking on menu button
2026-01-28 09:15:31,405 - INFO - test_Credkart_login_002 - 114 - Clicking on menu button
2026-01-28 09:15:31,896 - INFO - test_Credkart_login_002 - 116 - Clicking on logout button
2026-01-28 09:15:31,896 - INFO - test_Credkart_login_002 - 116 - Clicking on logout button
2026-01-28 09:15:32,848 - INFO - test_Credkart_login_excel_ddt_004 - 48 - Entering the password
2026-01-28 09:15:32,848 - INFO - test_Credkart_login_excel_ddt_004 - 48 - Entering the password
2026-01-28 09:15:34,006 - INFO - test_Credkart_login_002 - 122 - Testcase test_Credkart_login_002 is completed
2026-01-28 09:15:34,006 - INFO - test_Credkart_login_002 - 122 - Testcase test_Credkart_login_002 is completed
2026-01-28 09:15:34,094 - INFO - test_Credkart_login_excel_ddt_004 - 50 - Clicking on login button
2026-01-28 09:15:34,094 - INFO - test_Credkart_login_excel_ddt_004 - 50 - Clicking on login button
2026-01-28 09:15:34,689 - INFO - test_Credkart_login_excel_ddt_004 - 52 - Checking the login status
2026-01-28 09:15:34,689 - INFO - test_Credkart_login_excel_ddt_004 - 52 - Checking the login status
2026-01-28 09:15:40,229 - INFO - test_Credkart_login_excel_ddt_004 - 63 - User login fail and taking screenshot
2026-01-28 09:15:40,229 - INFO - test_Credkart_login_excel_ddt_004 - 63 - User login fail and taking screenshot
2026-01-28 09:15:41,246 - INFO - test_Credkart_login_excel_ddt_004 - 41 - Opening browser and getting https://automation.credence.in/login
2026-01-28 09:15:41,246 - INFO - test_Credkart_login_excel_ddt_004 - 41 - Opening browser and getting https://automation.credence.in/login
2026-01-28 09:15:41,355 - INFO - test_Credkart_login_excel_ddt_004 - 46 - Entering the Email Credencetest@test.com
2026-01-28 09:15:41,355 - INFO - test_Credkart_login_excel_ddt_004 - 46 - Entering the Email Credencetest@test.com
2026-01-28 09:15:41,793 - INFO - test_Credkart_login_excel_ddt_004 - 48 - Entering the password
2026-01-28 09:15:41,793 - INFO - test_Credkart_login_excel_ddt_004 - 48 - Entering the password
2026-01-28 09:15:42,023 - INFO - test_Credkart_login_excel_ddt_004 - 50 - Clicking on login button
2026-01-28 09:15:42,023 - INFO - test_Credkart_login_excel_ddt_004 - 50 - Clicking on login button
2026-01-28 09:15:43,018 - INFO - test_Credkart_login_excel_ddt_004 - 52 - Checking the login status
2026-01-28 09:15:43,018 - INFO - test_Credkart_login_excel_ddt_004 - 52 - Checking the login status
2026-01-28 09:15:48,602 - INFO - test_Credkart_login_excel_ddt_004 - 63 - User login fail and taking screenshot
2026-01-28 09:15:48,602 - INFO - test_Credkart_login_excel_ddt_004 - 63 - User login fail and taking screenshot
2026-01-28 09:15:49,506 - INFO - test_Credkart_login_excel_ddt_004 - 41 - Opening browser and getting https://automation.credence.in/login
2026-01-28 09:15:49,506 - INFO - test_Credkart_login_excel_ddt_004 - 41 - Opening browser and getting https://automation.credence.in/login
2026-01-28 09:15:49,636 - INFO - test_Credkart_login_excel_ddt_004 - 46 - Entering the Email Credencetest@test.com11
2026-01-28 09:15:49,636 - INFO - test_Credkart_login_excel_ddt_004 - 46 - Entering the Email Credencetest@test.com11
2026-01-28 09:15:49,940 - INFO - test_Credkart_login_excel_ddt_004 - 48 - Entering the password
2026-01-28 09:15:49,940 - INFO - test_Credkart_login_excel_ddt_004 - 48 - Entering the password
2026-01-28 09:15:50,126 - INFO - test_Credkart_login_excel_ddt_004 - 50 - Clicking on login button
2026-01-28 09:15:50,126 - INFO - test_Credkart_login_excel_ddt_004 - 50 - Clicking on login button
2026-01-28 09:15:51,072 - INFO - test_Credkart_login_excel_ddt_004 - 52 - Checking the login status
2026-01-28 09:15:51,072 - INFO - test_Credkart_login_excel_ddt_004 - 52 - Checking the login status
2026-01-28 09:15:56,608 - INFO - test_Credkart_login_excel_ddt_004 - 63 - User login fail and taking screenshot
2026-01-28 09:15:56,608 - INFO - test_Credkart_login_excel_ddt_004 - 63 - User login fail and taking screenshot
2026-01-28 09:15:57,049 - INFO - test_Credkart_login_excel_ddt_004 - 78 - All the testcases are passed
2026-01-28 09:15:57,049 - INFO - test_Credkart_login_excel_ddt_004 - 78 - All the testcases are passed
2026-01-28 09:15:57,049 - INFO - test_Credkart_login_excel_ddt_004 - 83 - Testcase test_Credkart_login_excel_ddt_004 is completed
2026-01-28 09:15:57,049 - INFO - test_Credkart_login_excel_ddt_004 - 83 - Testcase test_Credkart_login_excel_ddt_004 is completed
2026-01-28 09:19:47,157 - INFO - test_Credkart_registration_003 - 129 - Testcase test_Credkart_login_002 is started
2026-01-28 09:19:47,157 - INFO - test_Credkart_registration_003 - 129 - Testcase test_Credkart_login_002 is started
2026-01-28 09:19:47,475 - INFO - test_verify_Credkart_url_001 - 46 - Testcase test_verify_Credkart_url_001 is started
2026-01-28 09:19:47,462 - INFO - test_Credkart_login_002 - 66 - Testcase test_Credkart_login_002 is started
2026-01-28 09:19:47,462 - INFO - test_Credkart_login_002 - 66 - Testcase test_Credkart_login_002 is started
2026-01-28 09:19:47,475 - INFO - test_verify_Credkart_url_001 - 46 - Testcase test_verify_Credkart_url_001 is started
2026-01-28 09:19:48,151 - INFO - test_Credkart_registration_003 - 131 - Opening browser and getting https://automation.credence.in/register
2026-01-28 09:19:48,151 - INFO - test_Credkart_registration_003 - 131 - Opening browser and getting https://automation.credence.in/register
2026-01-28 09:19:48,217 - INFO - test_Credkart_registration_003 - 134 - Generated fake data for username--> mkelly and email --> charlesshaffer@example.org
2026-01-28 09:19:48,217 - INFO - test_Credkart_registration_003 - 134 - Generated fake data for username--> mkelly and email --> charlesshaffer@example.org
2026-01-28 09:19:48,218 - INFO - test_Credkart_registration_003 - 138 - Entering the Username--> mkelly
2026-01-28 09:19:48,218 - INFO - test_Credkart_registration_003 - 138 - Entering the Username--> mkelly
2026-01-28 09:19:48,614 - INFO - test_verify_Credkart_url_001 - 48 - Opening browser and getting https://automation.credence.in/login
2026-01-28 09:19:48,614 - INFO - test_verify_Credkart_url_001 - 48 - Opening browser and getting https://automation.credence.in/login
2026-01-28 09:19:48,614 - INFO - test_verify_Credkart_url_001 - 49 - Checking driver title
2026-01-28 09:19:48,614 - INFO - test_verify_Credkart_url_001 - 49 - Checking driver title
2026-01-28 09:19:48,771 - INFO - test_Credkart_login_002 - 68 - Opening browser and getting https://automation.credence.in/login
2026-01-28 09:19:48,771 - INFO - test_Credkart_login_002 - 68 - Opening browser and getting https://automation.credence.in/login
2026-01-28 09:19:48,779 - INFO - test_Credkart_login_002 - 77 - Entering the Email Credencetest@test.com
2026-01-28 09:19:48,779 - INFO - test_Credkart_login_002 - 77 - Entering the Email Credencetest@test.com
2026-01-28 09:19:49,050 - INFO - test_verify_Credkart_url_001 - 51 - Testcase test_verify_Credkart_url_001 is passed
2026-01-28 09:19:49,050 - INFO - test_verify_Credkart_url_001 - 51 - Testcase test_verify_Credkart_url_001 is passed
2026-01-28 09:19:49,051 - INFO - test_verify_Credkart_url_001 - 52 - Taking screenshot
2026-01-28 09:19:49,051 - INFO - test_verify_Credkart_url_001 - 52 - Taking screenshot
2026-01-28 09:19:49,250 - INFO - test_Credkart_registration_003 - 141 - Entering the Email--> charlesshaffer@example.org
2026-01-28 09:19:49,250 - INFO - test_Credkart_registration_003 - 141 - Entering the Email--> charlesshaffer@example.org
2026-01-28 09:19:50,033 - INFO - test_verify_Credkart_url_001 - 59 - Testcase test_verify_Credkart_url_001 is completed
2026-01-28 09:19:50,033 - INFO - test_verify_Credkart_url_001 - 59 - Testcase test_verify_Credkart_url_001 is completed
2026-01-28 09:19:50,634 - INFO - test_Credkart_registration_003 - 144 - Entering the Password
2026-01-28 09:19:50,634 - INFO - test_Credkart_registration_003 - 144 - Entering the Password
2026-01-28 09:19:50,766 - INFO - test_Credkart_login_002 - 84 - Entering the password
2026-01-28 09:19:50,766 - INFO - test_Credkart_login_002 - 84 - Entering the password
2026-01-28 09:19:50,992 - INFO - test_Credkart_registration_003 - 147 - Entering the Confirm Password
2026-01-28 09:19:50,992 - INFO - test_Credkart_registration_003 - 147 - Entering the Confirm Password
2026-01-28 09:19:51,104 - INFO - test_Credkart_login_002 - 90 - Clicking on login button
2026-01-28 09:19:51,104 - INFO - test_Credkart_login_002 - 90 - Clicking on login button
2026-01-28 09:19:51,332 - INFO - test_Credkart_registration_003 - 150 - Clicking on register button
2026-01-28 09:19:51,332 - INFO - test_Credkart_registration_003 - 150 - Clicking on register button
2026-01-28 09:19:54,352 - INFO - test_Credkart_login_002 - 110 - Checking the login status
2026-01-28 09:19:54,352 - INFO - test_Credkart_login_002 - 110 - Checking the login status
2026-01-28 09:19:54,370 - INFO - test_Credkart_registration_003 - 154 - User registration successful and taking screenshot
2026-01-28 09:19:54,370 - INFO - test_Credkart_registration_003 - 154 - User registration successful and taking screenshot
2026-01-28 09:19:54,485 - INFO - test_Credkart_login_002 - 112 - User login successful and taking screenshot
2026-01-28 09:19:54,485 - INFO - test_Credkart_login_002 - 112 - User login successful and taking screenshot
2026-01-28 09:19:54,668 - INFO - test_Credkart_registration_003 - 156 - Clicking on menu button
2026-01-28 09:19:54,668 - INFO - test_Credkart_registration_003 - 156 - Clicking on menu button
2026-01-28 09:19:54,814 - INFO - test_Credkart_registration_003 - 158 - Clicking on logout button
2026-01-28 09:19:54,814 - INFO - test_Credkart_registration_003 - 158 - Clicking on logout button
2026-01-28 09:19:54,978 - INFO - test_Credkart_login_002 - 114 - Clicking on menu button
2026-01-28 09:19:54,978 - INFO - test_Credkart_login_002 - 114 - Clicking on menu button
2026-01-28 09:19:55,310 - INFO - test_Credkart_login_002 - 116 - Clicking on logout button
2026-01-28 09:19:55,310 - INFO - test_Credkart_login_002 - 116 - Clicking on logout button
2026-01-28 09:19:56,128 - INFO - test_Credkart_registration_003 - 164 - Testcase test_Credkart_registration_003 is completed
2026-01-28 09:19:56,128 - INFO - test_Credkart_registration_003 - 164 - Testcase test_Credkart_registration_003 is completed
2026-01-28 09:19:56,955 - INFO - test_Credkart_login_002 - 122 - Testcase test_Credkart_login_002 is completed
2026-01-28 09:19:56,955 - INFO - test_Credkart_login_002 - 122 - Testcase test_Credkart_login_002 is completed
2026-01-28 09:20:49,786 - INFO - test_Credkart_registration_003 - 129 - Testcase test_Credkart_login_002 is started
2026-01-28 09:20:49,786 - INFO - test_Credkart_registration_003 - 129 - Testcase test_Credkart_login_002 is started
2026-01-28 09:20:49,808 - INFO - test_Credkart_login_002 - 66 - Testcase test_Credkart_login_002 is started
2026-01-28 09:20:49,808 - INFO - test_Credkart_login_002 - 66 - Testcase test_Credkart_login_002 is started
2026-01-28 09:20:50,272 - INFO - test_Credkart_login_excel_ddt_004 - 32 - Testcase test_Credkart_login_excel_ddt_004 is started
2026-01-28 09:20:50,272 - INFO - test_Credkart_login_excel_ddt_004 - 32 - Testcase test_Credkart_login_excel_ddt_004 is started
2026-01-28 09:20:50,276 - INFO - test_Credkart_login_excel_ddt_004 - 34 - Reading data from excel
2026-01-28 09:20:50,276 - INFO - test_Credkart_login_excel_ddt_004 - 34 - Reading data from excel
2026-01-28 09:20:50,289 - INFO - test_verify_Credkart_url_001 - 46 - Testcase test_verify_Credkart_url_001 is started
2026-01-28 09:20:50,289 - INFO - test_verify_Credkart_url_001 - 46 - Testcase test_verify_Credkart_url_001 is started
2026-01-28 09:20:50,554 - INFO - test_Credkart_login_excel_ddt_004 - 36 - Number of rows in excel is 5
2026-01-28 09:20:50,554 - INFO - test_Credkart_login_excel_ddt_004 - 36 - Number of rows in excel is 5
2026-01-28 09:20:50,818 - INFO - test_Credkart_login_002 - 68 - Opening browser and getting https://automation.credence.in/login
2026-01-28 09:20:50,818 - INFO - test_Credkart_login_002 - 68 - Opening browser and getting https://automation.credence.in/login
2026-01-28 09:20:50,819 - INFO - test_Credkart_login_002 - 77 - Entering the Email Credencetest@test.com
2026-01-28 09:20:50,819 - INFO - test_Credkart_login_002 - 77 - Entering the Email Credencetest@test.com
2026-01-28 09:20:51,377 - INFO - test_Credkart_login_excel_ddt_004 - 41 - Opening browser and getting https://automation.credence.in/login
2026-01-28 09:20:51,377 - INFO - test_Credkart_login_excel_ddt_004 - 41 - Opening browser and getting https://automation.credence.in/login
2026-01-28 09:20:51,387 - INFO - test_Credkart_registration_003 - 131 - Opening browser and getting https://automation.credence.in/register
2026-01-28 09:20:51,387 - INFO - test_Credkart_registration_003 - 131 - Opening browser and getting https://automation.credence.in/register
2026-01-28 09:20:51,433 - INFO - test_Credkart_registration_003 - 134 - Generated fake data for username--> eddie52 and email --> andrew53@example.net
2026-01-28 09:20:51,433 - INFO - test_Credkart_registration_003 - 134 - Generated fake data for username--> eddie52 and email --> andrew53@example.net
2026-01-28 09:20:51,434 - INFO - test_Credkart_registration_003 - 138 - Entering the Username--> eddie52
2026-01-28 09:20:51,434 - INFO - test_Credkart_registration_003 - 138 - Entering the Username--> eddie52
2026-01-28 09:20:51,499 - INFO - test_verify_Credkart_url_001 - 48 - Opening browser and getting https://automation.credence.in/login
2026-01-28 09:20:51,499 - INFO - test_verify_Credkart_url_001 - 48 - Opening browser and getting https://automation.credence.in/login
2026-01-28 09:20:51,500 - INFO - test_verify_Credkart_url_001 - 49 - Checking driver title
2026-01-28 09:20:51,500 - INFO - test_verify_Credkart_url_001 - 49 - Checking driver title
2026-01-28 09:20:51,690 - INFO - test_Credkart_login_excel_ddt_004 - 46 - Entering the Email Credencetest@test.com
2026-01-28 09:20:51,690 - INFO - test_Credkart_login_excel_ddt_004 - 46 - Entering the Email Credencetest@test.com
2026-01-28 09:20:51,926 - INFO - test_Credkart_registration_003 - 141 - Entering the Email--> andrew53@example.net
2026-01-28 09:20:51,926 - INFO - test_Credkart_registration_003 - 141 - Entering the Email--> andrew53@example.net
2026-01-28 09:20:52,252 - INFO - test_verify_Credkart_url_001 - 51 - Testcase test_verify_Credkart_url_001 is passed
2026-01-28 09:20:52,252 - INFO - test_verify_Credkart_url_001 - 51 - Testcase test_verify_Credkart_url_001 is passed
2026-01-28 09:20:52,252 - INFO - test_verify_Credkart_url_001 - 52 - Taking screenshot
2026-01-28 09:20:52,252 - INFO - test_verify_Credkart_url_001 - 52 - Taking screenshot
2026-01-28 09:20:52,579 - INFO - test_Credkart_login_002 - 84 - Entering the password
2026-01-28 09:20:52,579 - INFO - test_Credkart_login_002 - 84 - Entering the password
2026-01-28 09:20:53,189 - INFO - test_verify_Credkart_url_001 - 59 - Testcase test_verify_Credkart_url_001 is completed
2026-01-28 09:20:53,189 - INFO - test_verify_Credkart_url_001 - 59 - Testcase test_verify_Credkart_url_001 is completed
2026-01-28 09:20:53,221 - INFO - test_Credkart_login_excel_ddt_004 - 48 - Entering the password
2026-01-28 09:20:53,221 - INFO - test_Credkart_login_excel_ddt_004 - 48 - Entering the password
2026-01-28 09:20:53,262 - INFO - test_Credkart_registration_003 - 144 - Entering the Password
2026-01-28 09:20:53,262 - INFO - test_Credkart_registration_003 - 144 - Entering the Password
2026-01-28 09:20:53,545 - INFO - test_Credkart_login_002 - 90 - Clicking on login button
2026-01-28 09:20:53,545 - INFO - test_Credkart_login_002 - 90 - Clicking on login button
2026-01-28 09:20:53,863 - INFO - test_Credkart_registration_003 - 147 - Entering the Confirm Password
2026-01-28 09:20:53,863 - INFO - test_Credkart_registration_003 - 147 - Entering the Confirm Password
2026-01-28 09:20:53,921 - INFO - test_Credkart_login_excel_ddt_004 - 50 - Clicking on login button
2026-01-28 09:20:53,921 - INFO - test_Credkart_login_excel_ddt_004 - 50 - Clicking on login button
2026-01-28 09:20:54,335 - INFO - test_Credkart_registration_003 - 150 - Clicking on register button
2026-01-28 09:20:54,335 - INFO - test_Credkart_registration_003 - 150 - Clicking on register button
2026-01-28 09:20:56,997 - INFO - test_Credkart_login_excel_ddt_004 - 52 - Checking the login status
2026-01-28 09:20:56,997 - INFO - test_Credkart_login_excel_ddt_004 - 52 - Checking the login status
2026-01-28 09:20:57,121 - INFO - test_Credkart_login_excel_ddt_004 - 54 - User login successful and taking screenshot
2026-01-28 09:20:57,121 - INFO - test_Credkart_login_excel_ddt_004 - 54 - User login successful and taking screenshot
2026-01-28 09:20:57,404 - INFO - test_Credkart_registration_003 - 154 - User registration successful and taking screenshot
2026-01-28 09:20:57,404 - INFO - test_Credkart_registration_003 - 154 - User registration successful and taking screenshot
2026-01-28 09:20:57,610 - INFO - test_Credkart_login_excel_ddt_004 - 56 - Clicking on menu button
2026-01-28 09:20:57,610 - INFO - test_Credkart_login_excel_ddt_004 - 56 - Clicking on menu button
2026-01-28 09:20:57,717 - INFO - test_Credkart_registration_003 - 156 - Clicking on menu button
2026-01-28 09:20:57,717 - INFO - test_Credkart_registration_003 - 156 - Clicking on menu button
2026-01-28 09:20:57,856 - INFO - test_Credkart_login_excel_ddt_004 - 58 - Clicking on logout button
2026-01-28 09:20:57,856 - INFO - test_Credkart_login_excel_ddt_004 - 58 - Clicking on logout button
2026-01-28 09:20:57,992 - INFO - test_Credkart_registration_003 - 158 - Clicking on logout button
2026-01-28 09:20:57,992 - INFO - test_Credkart_registration_003 - 158 - Clicking on logout button
2026-01-28 09:20:59,332 - INFO - test_Credkart_registration_003 - 164 - Testcase test_Credkart_registration_003 is completed
2026-01-28 09:20:59,332 - INFO - test_Credkart_registration_003 - 164 - Testcase test_Credkart_registration_003 is completed
2026-01-28 09:20:59,890 - INFO - test_Credkart_login_002 - 110 - Checking the login status
2026-01-28 09:20:59,890 - INFO - test_Credkart_login_002 - 110 - Checking the login status
2026-01-28 09:20:59,990 - INFO - test_Credkart_login_002 - 112 - User login successful and taking screenshot
2026-01-28 09:20:59,990 - INFO - test_Credkart_login_002 - 112 - User login successful and taking screenshot
2026-01-28 09:21:00,171 - INFO - test_Credkart_login_excel_ddt_004 - 41 - Opening browser and getting https://automation.credence.in/login
2026-01-28 09:21:00,171 - INFO - test_Credkart_login_excel_ddt_004 - 41 - Opening browser and getting https://automation.credence.in/login
2026-01-28 09:21:00,284 - INFO - test_Credkart_login_excel_ddt_004 - 46 - Entering the Email Credencetest@test.com11
2026-01-28 09:21:00,284 - INFO - test_Credkart_login_excel_ddt_004 - 46 - Entering the Email Credencetest@test.com11
2026-01-28 09:21:00,418 - INFO - test_Credkart_login_002 - 114 - Clicking on menu button
2026-01-28 09:21:00,418 - INFO - test_Credkart_login_002 - 114 - Clicking on menu button
2026-01-28 09:21:00,610 - INFO - test_Credkart_login_excel_ddt_004 - 48 - Entering the password
2026-01-28 09:21:00,610 - INFO - test_Credkart_login_excel_ddt_004 - 48 - Entering the password
2026-01-28 09:21:00,689 - INFO - test_Credkart_login_002 - 116 - Clicking on logout button
2026-01-28 09:21:00,689 - INFO - test_Credkart_login_002 - 116 - Clicking on logout button
2026-01-28 09:21:00,869 - INFO - test_Credkart_login_excel_ddt_004 - 50 - Clicking on login button
2026-01-28 09:21:00,869 - INFO - test_Credkart_login_excel_ddt_004 - 50 - Clicking on login button
2026-01-28 09:21:00,952 - INFO - test_Credkart_login_002 - 122 - Testcase test_Credkart_login_002 is completed
2026-01-28 09:21:00,952 - INFO - test_Credkart_login_002 - 122 - Testcase test_Credkart_login_002 is completed
2026-01-28 09:21:02,010 - INFO - test_Credkart_login_excel_ddt_004 - 52 - Checking the login status
2026-01-28 09:21:02,010 - INFO - test_Credkart_login_excel_ddt_004 - 52 - Checking the login status
2026-01-28 09:21:07,554 - INFO - test_Credkart_login_excel_ddt_004 - 63 - User login fail and taking screenshot
2026-01-28 09:21:07,554 - INFO - test_Credkart_login_excel_ddt_004 - 63 - User login fail and taking screenshot
2026-01-28 09:21:08,239 - INFO - test_Credkart_login_excel_ddt_004 - 41 - Opening browser and getting https://automation.credence.in/login
2026-01-28 09:21:08,239 - INFO - test_Credkart_login_excel_ddt_004 - 41 - Opening browser and getting https://automation.credence.in/login
2026-01-28 09:21:08,356 - INFO - test_Credkart_login_excel_ddt_004 - 46 - Entering the Email Credencetest@test.com
2026-01-28 09:21:08,356 - INFO - test_Credkart_login_excel_ddt_004 - 46 - Entering the Email Credencetest@test.com
2026-01-28 09:21:08,669 - INFO - test_Credkart_login_excel_ddt_004 - 48 - Entering the password
2026-01-28 09:21:08,669 - INFO - test_Credkart_login_excel_ddt_004 - 48 - Entering the password
2026-01-28 09:21:08,922 - INFO - test_Credkart_login_excel_ddt_004 - 50 - Clicking on login button
2026-01-28 09:21:08,922 - INFO - test_Credkart_login_excel_ddt_004 - 50 - Clicking on login button
2026-01-28 09:21:09,879 - INFO - test_Credkart_login_excel_ddt_004 - 52 - Checking the login status
2026-01-28 09:21:09,879 - INFO - test_Credkart_login_excel_ddt_004 - 52 - Checking the login status
2026-01-28 09:21:15,435 - INFO - test_Credkart_login_excel_ddt_004 - 63 - User login fail and taking screenshot
2026-01-28 09:21:15,435 - INFO - test_Credkart_login_excel_ddt_004 - 63 - User login fail and taking screenshot
2026-01-28 09:21:16,151 - INFO - test_Credkart_login_excel_ddt_004 - 41 - Opening browser and getting https://automation.credence.in/login
2026-01-28 09:21:16,151 - INFO - test_Credkart_login_excel_ddt_004 - 41 - Opening browser and getting https://automation.credence.in/login
2026-01-28 09:21:16,226 - INFO - test_Credkart_login_excel_ddt_004 - 46 - Entering the Email Credencetest@test.com11
2026-01-28 09:21:16,226 - INFO - test_Credkart_login_excel_ddt_004 - 46 - Entering the Email Credencetest@test.com11
2026-01-28 09:21:16,578 - INFO - test_Credkart_login_excel_ddt_004 - 48 - Entering the password
2026-01-28 09:21:16,578 - INFO - test_Credkart_login_excel_ddt_004 - 48 - Entering the password
2026-01-28 09:21:16,784 - INFO - test_Credkart_login_excel_ddt_004 - 50 - Clicking on login button
2026-01-28 09:21:16,784 - INFO - test_Credkart_login_excel_ddt_004 - 50 - Clicking on login button
2026-01-28 09:21:17,684 - INFO - test_Credkart_login_excel_ddt_004 - 52 - Checking the login status
2026-01-28 09:21:17,684 - INFO - test_Credkart_login_excel_ddt_004 - 52 - Checking the login status
2026-01-28 09:21:23,259 - INFO - test_Credkart_login_excel_ddt_004 - 63 - User login fail and taking screenshot
2026-01-28 09:21:23,259 - INFO - test_Credkart_login_excel_ddt_004 - 63 - User login fail and taking screenshot
2026-01-28 09:21:23,514 - INFO - test_Credkart_login_excel_ddt_004 - 78 - All the testcases are passed
2026-01-28 09:21:23,514 - INFO - test_Credkart_login_excel_ddt_004 - 78 - All the testcases are passed
2026-01-28 09:21:23,514 - INFO - test_Credkart_login_excel_ddt_004 - 83 - Testcase test_Credkart_login_excel_ddt_004 is completed
2026-01-28 09:21:23,514 - INFO - test_Credkart_login_excel_ddt_004 - 83 - Testcase test_Credkart_login_excel_ddt_004 is completed
2026-01-30 07:21:33,531 - INFO - test_Credkart_login_excel_ddt_004 - 32 - Testcase test_Credkart_login_excel_ddt_004 is started
2026-01-30 07:21:33,531 - INFO - test_Credkart_login_excel_ddt_004 - 32 - Testcase test_Credkart_login_excel_ddt_004 is started
2026-01-30 07:21:33,561 - INFO - test_Credkart_login_excel_ddt_004 - 34 - Reading data from excel
2026-01-30 07:21:33,561 - INFO - test_Credkart_login_excel_ddt_004 - 34 - Reading data from excel
2026-01-30 07:21:33,852 - INFO - test_Credkart_login_excel_ddt_004 - 36 - Number of rows in excel is 5
2026-01-30 07:21:33,852 - INFO - test_Credkart_login_excel_ddt_004 - 36 - Number of rows in excel is 5
2026-01-30 07:21:34,211 - INFO - test_Credkart_login_002 - 66 - Testcase test_Credkart_login_002 is started
2026-01-30 07:21:34,211 - INFO - test_Credkart_login_002 - 66 - Testcase test_Credkart_login_002 is started
2026-01-30 07:21:35,422 - INFO - test_Credkart_login_002 - 68 - Opening browser and getting https://automation.credence.in/login
2026-01-30 07:21:35,422 - INFO - test_Credkart_login_002 - 68 - Opening browser and getting https://automation.credence.in/login
2026-01-30 07:21:35,423 - INFO - test_Credkart_login_002 - 77 - Entering the Email Credencetest@test.com
2026-01-30 07:21:35,423 - INFO - test_Credkart_login_002 - 77 - Entering the Email Credencetest@test.com
2026-01-30 07:21:35,800 - INFO - test_Credkart_login_excel_ddt_004 - 41 - Opening browser and getting https://automation.credence.in/login
2026-01-30 07:21:35,800 - INFO - test_Credkart_login_excel_ddt_004 - 41 - Opening browser and getting https://automation.credence.in/login
2026-01-30 07:21:36,994 - INFO - test_Credkart_login_excel_ddt_004 - 46 - Entering the Email Credencetest@test.com
2026-01-30 07:21:36,994 - INFO - test_Credkart_login_excel_ddt_004 - 46 - Entering the Email Credencetest@test.com
2026-01-30 07:21:37,257 - INFO - test_verify_Credkart_url_001 - 46 - Testcase test_verify_Credkart_url_001 is started
2026-01-30 07:21:37,257 - INFO - test_verify_Credkart_url_001 - 46 - Testcase test_verify_Credkart_url_001 is started
2026-01-30 07:21:37,587 - INFO - test_Credkart_registration_003 - 129 - Testcase test_Credkart_login_002 is started
2026-01-30 07:21:37,587 - INFO - test_Credkart_registration_003 - 129 - Testcase test_Credkart_login_002 is started
2026-01-30 07:21:37,740 - INFO - test_verify_Credkart_url_001 - 48 - Opening browser and getting https://automation.credence.in/login
2026-01-30 07:21:37,740 - INFO - test_verify_Credkart_url_001 - 48 - Opening browser and getting https://automation.credence.in/login
2026-01-30 07:21:37,740 - INFO - test_verify_Credkart_url_001 - 49 - Checking driver title
2026-01-30 07:21:37,740 - INFO - test_verify_Credkart_url_001 - 49 - Checking driver title
2026-01-30 07:21:38,118 - INFO - test_Credkart_registration_003 - 131 - Opening browser and getting https://automation.credence.in/register
2026-01-30 07:21:38,118 - INFO - test_Credkart_registration_003 - 131 - Opening browser and getting https://automation.credence.in/register
2026-01-30 07:21:38,192 - INFO - test_verify_Credkart_url_001 - 51 - Testcase test_verify_Credkart_url_001 is passed
2026-01-30 07:21:38,192 - INFO - test_verify_Credkart_url_001 - 51 - Testcase test_verify_Credkart_url_001 is passed
2026-01-30 07:21:38,193 - INFO - test_verify_Credkart_url_001 - 52 - Taking screenshot
2026-01-30 07:21:38,193 - INFO - test_verify_Credkart_url_001 - 52 - Taking screenshot
2026-01-30 07:21:38,223 - INFO - test_Credkart_registration_003 - 134 - Generated fake data for username--> mmartin and email --> christopherdelgado@example.org
2026-01-30 07:21:38,223 - INFO - test_Credkart_registration_003 - 134 - Generated fake data for username--> mmartin and email --> christopherdelgado@example.org
2026-01-30 07:21:38,224 - INFO - test_Credkart_registration_003 - 138 - Entering the Username--> mmartin
2026-01-30 07:21:38,224 - INFO - test_Credkart_registration_003 - 138 - Entering the Username--> mmartin
2026-01-30 07:21:38,914 - INFO - test_verify_Credkart_url_001 - 59 - Testcase test_verify_Credkart_url_001 is completed
2026-01-30 07:21:38,914 - INFO - test_verify_Credkart_url_001 - 59 - Testcase test_verify_Credkart_url_001 is completed
2026-01-30 07:21:39,800 - INFO - test_Credkart_login_excel_ddt_004 - 48 - Entering the password
2026-01-30 07:21:39,800 - INFO - test_Credkart_login_excel_ddt_004 - 48 - Entering the password
2026-01-30 07:21:40,264 - INFO - test_Credkart_login_002 - 84 - Entering the password
2026-01-30 07:21:40,264 - INFO - test_Credkart_login_002 - 84 - Entering the password
2026-01-30 07:21:40,509 - INFO - test_Credkart_registration_003 - 141 - Entering the Email--> christopherdelgado@example.org
2026-01-30 07:21:40,509 - INFO - test_Credkart_registration_003 - 141 - Entering the Email--> christopherdelgado@example.org
2026-01-30 07:21:42,024 - INFO - test_Credkart_login_excel_ddt_004 - 50 - Clicking on login button
2026-01-30 07:21:42,024 - INFO - test_Credkart_login_excel_ddt_004 - 50 - Clicking on login button
2026-01-30 07:21:42,129 - INFO - test_Credkart_registration_003 - 144 - Entering the Password
2026-01-30 07:21:42,129 - INFO - test_Credkart_registration_003 - 144 - Entering the Password
2026-01-30 07:21:42,137 - INFO - test_Credkart_login_002 - 90 - Clicking on login button
2026-01-30 07:21:42,137 - INFO - test_Credkart_login_002 - 90 - Clicking on login button
2026-01-30 07:21:42,446 - INFO - test_Credkart_registration_003 - 147 - Entering the Confirm Password
2026-01-30 07:21:42,446 - INFO - test_Credkart_registration_003 - 147 - Entering the Confirm Password
2026-01-30 07:21:42,923 - INFO - test_Credkart_registration_003 - 150 - Clicking on register button
2026-01-30 07:21:42,923 - INFO - test_Credkart_registration_003 - 150 - Clicking on register button
2026-01-30 07:21:43,590 - INFO - test_Credkart_login_excel_ddt_004 - 52 - Checking the login status
2026-01-30 07:21:43,590 - INFO - test_Credkart_login_excel_ddt_004 - 52 - Checking the login status
2026-01-30 07:21:43,954 - INFO - test_Credkart_login_002 - 110 - Checking the login status
2026-01-30 07:21:43,954 - INFO - test_Credkart_login_002 - 110 - Checking the login status
2026-01-30 07:21:44,152 - INFO - test_Credkart_login_excel_ddt_004 - 54 - User login successful and taking screenshot
2026-01-30 07:21:44,152 - INFO - test_Credkart_login_excel_ddt_004 - 54 - User login successful and taking screenshot
2026-01-30 07:21:44,248 - INFO - test_Credkart_login_002 - 112 - User login successful and taking screenshot
2026-01-30 07:21:44,248 - INFO - test_Credkart_login_002 - 112 - User login successful and taking screenshot
2026-01-30 07:21:44,729 - INFO - test_Credkart_registration_003 - 154 - User registration successful and taking screenshot
2026-01-30 07:21:44,729 - INFO - test_Credkart_registration_003 - 154 - User registration successful and taking screenshot
2026-01-30 07:21:44,831 - INFO - test_Credkart_login_excel_ddt_004 - 56 - Clicking on menu button
2026-01-30 07:21:44,831 - INFO - test_Credkart_login_excel_ddt_004 - 56 - Clicking on menu button
2026-01-30 07:21:44,885 - INFO - test_Credkart_login_002 - 114 - Clicking on menu button
2026-01-30 07:21:44,885 - INFO - test_Credkart_login_002 - 114 - Clicking on menu button
2026-01-30 07:21:45,098 - INFO - test_Credkart_registration_003 - 156 - Clicking on menu button
2026-01-30 07:21:45,098 - INFO - test_Credkart_registration_003 - 156 - Clicking on menu button
2026-01-30 07:21:45,249 - INFO - test_Credkart_login_excel_ddt_004 - 58 - Clicking on logout button
2026-01-30 07:21:45,249 - INFO - test_Credkart_login_excel_ddt_004 - 58 - Clicking on logout button
2026-01-30 07:21:45,539 - INFO - test_Credkart_registration_003 - 158 - Clicking on logout button
2026-01-30 07:21:45,539 - INFO - test_Credkart_registration_003 - 158 - Clicking on logout button
2026-01-30 07:21:45,628 - INFO - test_Credkart_login_002 - 116 - Clicking on logout button
2026-01-30 07:21:45,628 - INFO - test_Credkart_login_002 - 116 - Clicking on logout button
2026-01-30 07:21:46,361 - INFO - test_Credkart_registration_003 - 164 - Testcase test_Credkart_registration_003 is completed
2026-01-30 07:21:46,361 - INFO - test_Credkart_registration_003 - 164 - Testcase test_Credkart_registration_003 is completed
2026-01-30 07:21:46,701 - INFO - test_Credkart_login_002 - 122 - Testcase test_Credkart_login_002 is completed
2026-01-30 07:21:46,701 - INFO - test_Credkart_login_002 - 122 - Testcase test_Credkart_login_002 is completed
2026-01-30 07:21:47,140 - INFO - test_Credkart_login_excel_ddt_004 - 41 - Opening browser and getting https://automation.credence.in/login
2026-01-30 07:21:47,140 - INFO - test_Credkart_login_excel_ddt_004 - 41 - Opening browser and getting https://automation.credence.in/login
2026-01-30 07:21:47,262 - INFO - test_Credkart_login_excel_ddt_004 - 46 - Entering the Email Credencetest@test.com11
2026-01-30 07:21:47,262 - INFO - test_Credkart_login_excel_ddt_004 - 46 - Entering the Email Credencetest@test.com11
2026-01-30 07:21:47,713 - INFO - test_Credkart_login_excel_ddt_004 - 48 - Entering the password
2026-01-30 07:21:47,713 - INFO - test_Credkart_login_excel_ddt_004 - 48 - Entering the password
2026-01-30 07:21:48,232 - INFO - test_Credkart_login_excel_ddt_004 - 50 - Clicking on login button
2026-01-30 07:21:48,232 - INFO - test_Credkart_login_excel_ddt_004 - 50 - Clicking on login button
2026-01-30 07:21:48,629 - INFO - test_Credkart_login_excel_ddt_004 - 52 - Checking the login status
2026-01-30 07:21:48,629 - INFO - test_Credkart_login_excel_ddt_004 - 52 - Checking the login status
2026-01-30 07:21:54,056 - INFO - test_Credkart_login_excel_ddt_004 - 63 - User login fail and taking screenshot
2026-01-30 07:21:54,056 - INFO - test_Credkart_login_excel_ddt_004 - 63 - User login fail and taking screenshot
2026-01-30 07:21:54,564 - INFO - test_Credkart_login_excel_ddt_004 - 41 - Opening browser and getting https://automation.credence.in/login
2026-01-30 07:21:54,564 - INFO - test_Credkart_login_excel_ddt_004 - 41 - Opening browser and getting https://automation.credence.in/login
2026-01-30 07:21:54,629 - INFO - test_Credkart_login_excel_ddt_004 - 46 - Entering the Email Credencetest@test.com
2026-01-30 07:21:54,629 - INFO - test_Credkart_login_excel_ddt_004 - 46 - Entering the Email Credencetest@test.com
2026-01-30 07:21:54,860 - INFO - test_Credkart_login_excel_ddt_004 - 48 - Entering the password
2026-01-30 07:21:54,860 - INFO - test_Credkart_login_excel_ddt_004 - 48 - Entering the password
2026-01-30 07:21:55,064 - INFO - test_Credkart_login_excel_ddt_004 - 50 - Clicking on login button
2026-01-30 07:21:55,064 - INFO - test_Credkart_login_excel_ddt_004 - 50 - Clicking on login button
2026-01-30 07:21:55,587 - INFO - test_Credkart_login_excel_ddt_004 - 52 - Checking the login status
2026-01-30 07:21:55,587 - INFO - test_Credkart_login_excel_ddt_004 - 52 - Checking the login status
2026-01-30 07:22:00,606 - INFO - test_Credkart_login_excel_ddt_004 - 63 - User login fail and taking screenshot
2026-01-30 07:22:00,606 - INFO - test_Credkart_login_excel_ddt_004 - 63 - User login fail and taking screenshot
2026-01-30 07:22:01,057 - INFO - test_Credkart_login_excel_ddt_004 - 41 - Opening browser and getting https://automation.credence.in/login
2026-01-30 07:22:01,057 - INFO - test_Credkart_login_excel_ddt_004 - 41 - Opening browser and getting https://automation.credence.in/login
2026-01-30 07:22:01,198 - INFO - test_Credkart_login_excel_ddt_004 - 46 - Entering the Email Credencetest@test.com11
2026-01-30 07:22:01,198 - INFO - test_Credkart_login_excel_ddt_004 - 46 - Entering the Email Credencetest@test.com11
2026-01-30 07:22:01,438 - INFO - test_Credkart_login_excel_ddt_004 - 48 - Entering the password
2026-01-30 07:22:01,438 - INFO - test_Credkart_login_excel_ddt_004 - 48 - Entering the password
2026-01-30 07:22:01,621 - INFO - test_Credkart_login_excel_ddt_004 - 50 - Clicking on login button
2026-01-30 07:22:01,621 - INFO - test_Credkart_login_excel_ddt_004 - 50 - Clicking on login button
2026-01-30 07:22:01,794 - INFO - test_Credkart_login_excel_ddt_004 - 52 - Checking the login status
2026-01-30 07:22:01,794 - INFO - test_Credkart_login_excel_ddt_004 - 52 - Checking the login status
2026-01-30 07:22:07,110 - INFO - test_Credkart_login_excel_ddt_004 - 63 - User login fail and taking screenshot
2026-01-30 07:22:07,110 - INFO - test_Credkart_login_excel_ddt_004 - 63 - User login fail and taking screenshot
2026-01-30 07:22:07,360 - INFO - test_Credkart_login_excel_ddt_004 - 78 - All the testcases are passed
2026-01-30 07:22:07,360 - INFO - test_Credkart_login_excel_ddt_004 - 78 - All the testcases are passed
2026-01-30 07:22:07,360 - INFO - test_Credkart_login_excel_ddt_004 - 83 - Testcase test_Credkart_login_excel_ddt_004 is completed
2026-01-30 07:22:07,360 - INFO - test_Credkart_login_excel_ddt_004 - 83 - Testcase test_Credkart_login_excel_ddt_004 is completed
2026-01-30 07:35:11,311 - INFO - test_verify_Credkart_url_001 - 54 - Testcase test_verify_Credkart_url_001 is started
2026-01-30 07:35:11,311 - INFO - test_verify_Credkart_url_001 - 54 - Testcase test_verify_Credkart_url_001 is started
2026-01-30 07:35:11,333 - INFO - test_Credkart_login_002 - 78 - Testcase test_Credkart_login_002 is started
2026-01-30 07:35:11,333 - INFO - test_Credkart_login_002 - 78 - Testcase test_Credkart_login_002 is started
2026-01-30 07:35:11,831 - INFO - test_Credkart_login_excel_ddt_004 - 32 - Testcase test_Credkart_login_excel_ddt_004 is started
2026-01-30 07:35:11,831 - INFO - test_Credkart_login_excel_ddt_004 - 32 - Testcase test_Credkart_login_excel_ddt_004 is started
2026-01-30 07:35:11,832 - INFO - test_Credkart_login_excel_ddt_004 - 34 - Reading data from excel
2026-01-30 07:35:11,832 - INFO - test_Credkart_login_excel_ddt_004 - 34 - Reading data from excel
2026-01-30 07:35:11,900 - INFO - test_Credkart_registration_003 - 141 - Testcase test_Credkart_login_002 is started
2026-01-30 07:35:11,900 - INFO - test_Credkart_registration_003 - 141 - Testcase test_Credkart_login_002 is started
2026-01-30 07:35:12,086 - INFO - test_verify_Credkart_url_001 - 56 - Opening browser and getting https://automation.credence.in/login
2026-01-30 07:35:12,086 - INFO - test_verify_Credkart_url_001 - 56 - Opening browser and getting https://automation.credence.in/login
2026-01-30 07:35:12,088 - INFO - test_verify_Credkart_url_001 - 57 - Checking driver title
2026-01-30 07:35:12,088 - INFO - test_verify_Credkart_url_001 - 57 - Checking driver title
2026-01-30 07:35:12,179 - INFO - test_Credkart_login_excel_ddt_004 - 36 - Number of rows in excel is 5
2026-01-30 07:35:12,179 - INFO - test_Credkart_login_excel_ddt_004 - 36 - Number of rows in excel is 5
2026-01-30 07:35:12,452 - INFO - test_verify_Credkart_url_001 - 59 - Testcase test_verify_Credkart_url_001 is passed
2026-01-30 07:35:12,452 - INFO - test_verify_Credkart_url_001 - 59 - Testcase test_verify_Credkart_url_001 is passed
2026-01-30 07:35:12,455 - INFO - test_verify_Credkart_url_001 - 60 - Taking screenshot
2026-01-30 07:35:12,455 - INFO - test_verify_Credkart_url_001 - 60 - Taking screenshot
2026-01-30 07:35:12,907 - INFO - test_Credkart_registration_003 - 143 - Opening browser and getting https://automation.credence.in/register
2026-01-30 07:35:12,907 - INFO - test_Credkart_registration_003 - 143 - Opening browser and getting https://automation.credence.in/register
2026-01-30 07:35:12,952 - INFO - test_verify_Credkart_url_001 - 71 - Testcase test_verify_Credkart_url_001 is completed
2026-01-30 07:35:12,952 - INFO - test_verify_Credkart_url_001 - 71 - Testcase test_verify_Credkart_url_001 is completed
2026-01-30 07:35:12,998 - INFO - test_Credkart_registration_003 - 146 - Generated fake data for username--> anthony14 and email --> zli@example.com
2026-01-30 07:35:12,998 - INFO - test_Credkart_registration_003 - 146 - Generated fake data for username--> anthony14 and email --> zli@example.com
2026-01-30 07:35:12,999 - INFO - test_Credkart_registration_003 - 150 - Entering the Username--> anthony14
2026-01-30 07:35:12,999 - INFO - test_Credkart_registration_003 - 150 - Entering the Username--> anthony14
2026-01-30 07:35:13,665 - INFO - test_Credkart_login_002 - 80 - Opening browser and getting https://automation.credence.in/login
2026-01-30 07:35:13,665 - INFO - test_Credkart_login_002 - 80 - Opening browser and getting https://automation.credence.in/login
2026-01-30 07:35:13,666 - INFO - test_Credkart_login_002 - 89 - Entering the Email Credencetest@test.com
2026-01-30 07:35:13,666 - INFO - test_Credkart_login_002 - 89 - Entering the Email Credencetest@test.com
2026-01-30 07:35:13,819 - INFO - test_Credkart_login_excel_ddt_004 - 41 - Opening browser and getting https://automation.credence.in/login
2026-01-30 07:35:13,819 - INFO - test_Credkart_login_excel_ddt_004 - 41 - Opening browser and getting https://automation.credence.in/login
2026-01-30 07:35:14,005 - INFO - test_Credkart_login_excel_ddt_004 - 46 - Entering the Email Credencetest@test.com
2026-01-30 07:35:14,005 - INFO - test_Credkart_login_excel_ddt_004 - 46 - Entering the Email Credencetest@test.com
2026-01-30 07:35:14,234 - INFO - test_Credkart_registration_003 - 153 - Entering the Email--> zli@example.com
2026-01-30 07:35:14,234 - INFO - test_Credkart_registration_003 - 153 - Entering the Email--> zli@example.com
2026-01-30 07:35:14,529 - INFO - test_Credkart_login_excel_ddt_004 - 48 - Entering the password
2026-01-30 07:35:14,529 - INFO - test_Credkart_login_excel_ddt_004 - 48 - Entering the password
2026-01-30 07:35:14,651 - INFO - test_Credkart_login_002 - 96 - Entering the password
2026-01-30 07:35:14,651 - INFO - test_Credkart_login_002 - 96 - Entering the password
2026-01-30 07:35:14,774 - INFO - test_Credkart_registration_003 - 156 - Entering the Password
2026-01-30 07:35:14,774 - INFO - test_Credkart_registration_003 - 156 - Entering the Password
2026-01-30 07:35:14,920 - INFO - test_Credkart_login_excel_ddt_004 - 50 - Clicking on login button
2026-01-30 07:35:14,920 - INFO - test_Credkart_login_excel_ddt_004 - 50 - Clicking on login button
2026-01-30 07:35:15,179 - INFO - test_Credkart_login_002 - 102 - Clicking on login button
2026-01-30 07:35:15,179 - INFO - test_Credkart_login_002 - 102 - Clicking on login button
2026-01-30 07:35:15,462 - INFO - test_Credkart_registration_003 - 159 - Entering the Confirm Password
2026-01-30 07:35:15,462 - INFO - test_Credkart_registration_003 - 159 - Entering the Confirm Password
2026-01-30 07:35:16,193 - INFO - test_Credkart_registration_003 - 162 - Clicking on register button
2026-01-30 07:35:16,193 - INFO - test_Credkart_registration_003 - 162 - Clicking on register button
2026-01-30 07:35:16,285 - INFO - test_Credkart_login_excel_ddt_004 - 52 - Checking the login status
2026-01-30 07:35:16,285 - INFO - test_Credkart_login_excel_ddt_004 - 52 - Checking the login status
2026-01-30 07:35:16,431 - INFO - test_Credkart_login_excel_ddt_004 - 54 - User login successful and taking screenshot
2026-01-30 07:35:16,431 - INFO - test_Credkart_login_excel_ddt_004 - 54 - User login successful and taking screenshot
2026-01-30 07:35:16,899 - INFO - test_Credkart_login_excel_ddt_004 - 56 - Clicking on menu button
2026-01-30 07:35:16,899 - INFO - test_Credkart_login_excel_ddt_004 - 56 - Clicking on menu button
2026-01-30 07:35:17,057 - INFO - test_Credkart_login_002 - 122 - Checking the login status
2026-01-30 07:35:17,057 - INFO - test_Credkart_login_002 - 122 - Checking the login status
2026-01-30 07:35:17,210 - INFO - test_Credkart_login_excel_ddt_004 - 58 - Clicking on logout button
2026-01-30 07:35:17,210 - INFO - test_Credkart_login_excel_ddt_004 - 58 - Clicking on logout button
2026-01-30 07:35:17,250 - INFO - test_Credkart_login_002 - 124 - User login successful and taking screenshot
2026-01-30 07:35:17,250 - INFO - test_Credkart_login_002 - 124 - User login successful and taking screenshot
2026-01-30 07:35:17,961 - INFO - test_Credkart_login_002 - 126 - Clicking on menu button
2026-01-30 07:35:17,961 - INFO - test_Credkart_login_002 - 126 - Clicking on menu button
2026-01-30 07:35:18,031 - INFO - test_Credkart_registration_003 - 166 - User registration successful and taking screenshot
2026-01-30 07:35:18,031 - INFO - test_Credkart_registration_003 - 166 - User registration successful and taking screenshot
2026-01-30 07:35:18,560 - INFO - test_Credkart_login_002 - 128 - Clicking on logout button
2026-01-30 07:35:18,560 - INFO - test_Credkart_login_002 - 128 - Clicking on logout button
2026-01-30 07:35:18,659 - INFO - test_Credkart_registration_003 - 168 - Clicking on menu button
2026-01-30 07:35:18,659 - INFO - test_Credkart_registration_003 - 168 - Clicking on menu button
2026-01-30 07:35:18,741 - INFO - test_Credkart_login_excel_ddt_004 - 41 - Opening browser and getting https://automation.credence.in/login
2026-01-30 07:35:18,741 - INFO - test_Credkart_login_excel_ddt_004 - 41 - Opening browser and getting https://automation.credence.in/login
2026-01-30 07:35:18,939 - INFO - test_Credkart_login_excel_ddt_004 - 46 - Entering the Email Credencetest@test.com11
2026-01-30 07:35:18,939 - INFO - test_Credkart_login_excel_ddt_004 - 46 - Entering the Email Credencetest@test.com11
2026-01-30 07:35:19,251 - INFO - test_Credkart_registration_003 - 170 - Clicking on logout button
2026-01-30 07:35:19,251 - INFO - test_Credkart_registration_003 - 170 - Clicking on logout button
2026-01-30 07:35:19,470 - INFO - test_Credkart_login_excel_ddt_004 - 48 - Entering the password
2026-01-30 07:35:19,470 - INFO - test_Credkart_login_excel_ddt_004 - 48 - Entering the password
2026-01-30 07:35:19,799 - INFO - test_Credkart_login_excel_ddt_004 - 50 - Clicking on login button
2026-01-30 07:35:19,799 - INFO - test_Credkart_login_excel_ddt_004 - 50 - Clicking on login button
2026-01-30 07:35:19,952 - INFO - test_Credkart_login_002 - 134 - Testcase test_Credkart_login_002 is completed
2026-01-30 07:35:19,952 - INFO - test_Credkart_login_002 - 134 - Testcase test_Credkart_login_002 is completed
2026-01-30 07:35:20,177 - INFO - test_Credkart_registration_003 - 176 - Testcase test_Credkart_registration_003 is completed
2026-01-30 07:35:20,177 - INFO - test_Credkart_registration_003 - 176 - Testcase test_Credkart_registration_003 is completed
2026-01-30 07:35:20,738 - INFO - test_Credkart_login_excel_ddt_004 - 52 - Checking the login status
2026-01-30 07:35:20,738 - INFO - test_Credkart_login_excel_ddt_004 - 52 - Checking the login status
2026-01-30 07:35:25,814 - INFO - test_Credkart_login_excel_ddt_004 - 63 - User login fail and taking screenshot
2026-01-30 07:35:25,814 - INFO - test_Credkart_login_excel_ddt_004 - 63 - User login fail and taking screenshot
2026-01-30 07:35:27,261 - INFO - test_Credkart_login_excel_ddt_004 - 41 - Opening browser and getting https://automation.credence.in/login
2026-01-30 07:35:27,261 - INFO - test_Credkart_login_excel_ddt_004 - 41 - Opening browser and getting https://automation.credence.in/login
2026-01-30 07:35:27,359 - INFO - test_Credkart_login_excel_ddt_004 - 46 - Entering the Email Credencetest@test.com
2026-01-30 07:35:27,359 - INFO - test_Credkart_login_excel_ddt_004 - 46 - Entering the Email Credencetest@test.com
2026-01-30 07:35:27,652 - INFO - test_Credkart_login_excel_ddt_004 - 48 - Entering the password
2026-01-30 07:35:27,652 - INFO - test_Credkart_login_excel_ddt_004 - 48 - Entering the password
2026-01-30 07:35:27,849 - INFO - test_Credkart_login_excel_ddt_004 - 50 - Clicking on login button
2026-01-30 07:35:27,849 - INFO - test_Credkart_login_excel_ddt_004 - 50 - Clicking on login button
2026-01-30 07:35:29,325 - INFO - test_Credkart_login_excel_ddt_004 - 52 - Checking the login status
2026-01-30 07:35:29,325 - INFO - test_Credkart_login_excel_ddt_004 - 52 - Checking the login status
2026-01-30 07:35:34,387 - INFO - test_Credkart_login_excel_ddt_004 - 63 - User login fail and taking screenshot
2026-01-30 07:35:34,387 - INFO - test_Credkart_login_excel_ddt_004 - 63 - User login fail and taking screenshot
2026-01-30 07:35:34,872 - INFO - test_Credkart_login_excel_ddt_004 - 41 - Opening browser and getting https://automation.credence.in/login
2026-01-30 07:35:34,872 - INFO - test_Credkart_login_excel_ddt_004 - 41 - Opening browser and getting https://automation.credence.in/login
2026-01-30 07:35:34,946 - INFO - test_Credkart_login_excel_ddt_004 - 46 - Entering the Email Credencetest@test.com11
2026-01-30 07:35:34,946 - INFO - test_Credkart_login_excel_ddt_004 - 46 - Entering the Email Credencetest@test.com11
2026-01-30 07:35:35,201 - INFO - test_Credkart_login_excel_ddt_004 - 48 - Entering the password
2026-01-30 07:35:35,201 - INFO - test_Credkart_login_excel_ddt_004 - 48 - Entering the password
2026-01-30 07:35:35,384 - INFO - test_Credkart_login_excel_ddt_004 - 50 - Clicking on login button
2026-01-30 07:35:35,384 - INFO - test_Credkart_login_excel_ddt_004 - 50 - Clicking on login button
2026-01-30 07:35:36,049 - INFO - test_Credkart_login_excel_ddt_004 - 52 - Checking the login status
2026-01-30 07:35:36,049 - INFO - test_Credkart_login_excel_ddt_004 - 52 - Checking the login status
2026-01-30 07:35:41,067 - INFO - test_Credkart_login_excel_ddt_004 - 63 - User login fail and taking screenshot
2026-01-30 07:35:41,067 - INFO - test_Credkart_login_excel_ddt_004 - 63 - User login fail and taking screenshot
2026-01-30 07:35:41,324 - INFO - test_Credkart_login_excel_ddt_004 - 78 - All the testcases are passed
2026-01-30 07:35:41,324 - INFO - test_Credkart_login_excel_ddt_004 - 78 - All the testcases are passed
2026-01-30 07:35:41,325 - INFO - test_Credkart_login_excel_ddt_004 - 83 - Testcase test_Credkart_login_excel_ddt_004 is completed
2026-01-30 07:35:41,325 - INFO - test_Credkart_login_excel_ddt_004 - 83 - Testcase test_Credkart_login_excel_ddt_004 is completed
2026-01-30 07:42:39,996 - INFO - test_verify_Credkart_url_001 - 51 - Testcase test_verify_Credkart_url_001 is started
2026-01-30 07:42:39,996 - INFO - test_verify_Credkart_url_001 - 51 - Testcase test_verify_Credkart_url_001 is started
2026-01-30 07:42:40,428 - INFO - test_verify_Credkart_url_001 - 53 - Opening browser and getting https://automation.credence.in/login
2026-01-30 07:42:40,428 - INFO - test_verify_Credkart_url_001 - 53 - Opening browser and getting https://automation.credence.in/login
2026-01-30 07:42:40,428 - INFO - test_verify_Credkart_url_001 - 54 - Checking driver title
2026-01-30 07:42:40,428 - INFO - test_verify_Credkart_url_001 - 54 - Checking driver title
2026-01-30 07:42:40,579 - INFO - test_Credkart_login_002 - 82 - Testcase test_Credkart_login_002 is started
2026-01-30 07:42:40,579 - INFO - test_Credkart_login_002 - 82 - Testcase test_Credkart_login_002 is started
2026-01-30 07:42:40,659 - INFO - test_Credkart_registration_003 - 153 - Testcase test_Credkart_registration_003 is started
2026-01-30 07:42:40,659 - INFO - test_Credkart_registration_003 - 153 - Testcase test_Credkart_registration_003 is started
2026-01-30 07:42:40,677 - INFO - test_Credkart_login_excel_ddt_004 - 34 - Testcase test_Credkart_login_excel_ddt_004 is started
2026-01-30 07:42:40,677 - INFO - test_Credkart_login_excel_ddt_004 - 34 - Testcase test_Credkart_login_excel_ddt_004 is started
2026-01-30 07:42:40,678 - INFO - test_Credkart_login_excel_ddt_004 - 36 - Reading data from excel
2026-01-30 07:42:40,678 - INFO - test_Credkart_login_excel_ddt_004 - 36 - Reading data from excel
2026-01-30 07:42:40,908 - INFO - test_verify_Credkart_url_001 - 56 - Testcase test_verify_Credkart_url_001 is passed
2026-01-30 07:42:40,908 - INFO - test_verify_Credkart_url_001 - 56 - Testcase test_verify_Credkart_url_001 is passed
2026-01-30 07:42:40,909 - INFO - test_verify_Credkart_url_001 - 57 - Taking screenshot
2026-01-30 07:42:40,909 - INFO - test_verify_Credkart_url_001 - 57 - Taking screenshot
2026-01-30 07:42:41,011 - INFO - test_Credkart_login_excel_ddt_004 - 38 - Number of rows in excel is 5
2026-01-30 07:42:41,011 - INFO - test_Credkart_login_excel_ddt_004 - 38 - Number of rows in excel is 5
2026-01-30 07:42:41,293 - INFO - test_Credkart_registration_003 - 155 - Opening browser and getting https://automation.credence.in/register
2026-01-30 07:42:41,293 - INFO - test_Credkart_registration_003 - 155 - Opening browser and getting https://automation.credence.in/register
2026-01-30 07:42:41,527 - INFO - test_Credkart_registration_003 - 158 - Generated fake data for username--> fschultz and email --> waterspatrick@example.org
2026-01-30 07:42:41,527 - INFO - test_Credkart_registration_003 - 158 - Generated fake data for username--> fschultz and email --> waterspatrick@example.org
2026-01-30 07:42:41,527 - INFO - test_Credkart_registration_003 - 162 - Entering the Username--> fschultz
2026-01-30 07:42:41,527 - INFO - test_Credkart_registration_003 - 162 - Entering the Username--> fschultz
2026-01-30 07:42:41,606 - INFO - test_verify_Credkart_url_001 - 68 - Testcase test_verify_Credkart_url_001 is completed
2026-01-30 07:42:41,606 - INFO - test_verify_Credkart_url_001 - 68 - Testcase test_verify_Credkart_url_001 is completed
2026-01-30 07:42:42,080 - INFO - test_Credkart_login_002 - 84 - Opening browser and getting https://automation.credence.in/login
2026-01-30 07:42:42,080 - INFO - test_Credkart_login_002 - 84 - Opening browser and getting https://automation.credence.in/login
2026-01-30 07:42:42,085 - INFO - test_Credkart_login_002 - 93 - Entering the Email Credencetest@test.com
2026-01-30 07:42:42,085 - INFO - test_Credkart_login_002 - 93 - Entering the Email Credencetest@test.com
2026-01-30 07:42:42,257 - INFO - test_Credkart_login_excel_ddt_004 - 43 - Opening browser and getting https://automation.credence.in/login
2026-01-30 07:42:42,257 - INFO - test_Credkart_login_excel_ddt_004 - 43 - Opening browser and getting https://automation.credence.in/login
2026-01-30 07:42:42,500 - INFO - test_Credkart_login_excel_ddt_004 - 48 - Entering the Email Credencetest@test.com
2026-01-30 07:42:42,500 - INFO - test_Credkart_login_excel_ddt_004 - 48 - Entering the Email Credencetest@test.com
2026-01-30 07:42:42,962 - INFO - test_Credkart_registration_003 - 165 - Entering the Email--> waterspatrick@example.org
2026-01-30 07:42:42,962 - INFO - test_Credkart_registration_003 - 165 - Entering the Email--> waterspatrick@example.org
2026-01-30 07:42:43,326 - INFO - test_Credkart_login_excel_ddt_004 - 50 - Entering the password
2026-01-30 07:42:43,326 - INFO - test_Credkart_login_excel_ddt_004 - 50 - Entering the password
2026-01-30 07:42:43,487 - INFO - test_Credkart_login_002 - 100 - Entering the password
2026-01-30 07:42:43,487 - INFO - test_Credkart_login_002 - 100 - Entering the password
2026-01-30 07:42:44,081 - INFO - test_Credkart_login_excel_ddt_004 - 52 - Clicking on login button
2026-01-30 07:42:44,081 - INFO - test_Credkart_login_excel_ddt_004 - 52 - Clicking on login button
2026-01-30 07:42:44,126 - INFO - test_Credkart_registration_003 - 168 - Entering the Password
2026-01-30 07:42:44,126 - INFO - test_Credkart_registration_003 - 168 - Entering the Password
2026-01-30 07:42:44,310 - INFO - test_Credkart_login_002 - 106 - Clicking on login button
2026-01-30 07:42:44,310 - INFO - test_Credkart_login_002 - 106 - Clicking on login button
2026-01-30 07:42:45,026 - INFO - test_Credkart_registration_003 - 171 - Entering the Confirm Password
2026-01-30 07:42:45,026 - INFO - test_Credkart_registration_003 - 171 - Entering the Confirm Password
2026-01-30 07:42:45,612 - INFO - test_Credkart_login_excel_ddt_004 - 54 - Checking the login status
2026-01-30 07:42:45,612 - INFO - test_Credkart_login_excel_ddt_004 - 54 - Checking the login status
2026-01-30 07:42:45,950 - INFO - test_Credkart_login_excel_ddt_004 - 56 - User login successful and taking screenshot
2026-01-30 07:42:45,950 - INFO - test_Credkart_login_excel_ddt_004 - 56 - User login successful and taking screenshot
2026-01-30 07:42:45,966 - INFO - test_Credkart_registration_003 - 174 - Clicking on register button
2026-01-30 07:42:45,966 - INFO - test_Credkart_registration_003 - 174 - Clicking on register button
2026-01-30 07:42:46,108 - INFO - test_Credkart_login_002 - 126 - Checking the login status
2026-01-30 07:42:46,108 - INFO - test_Credkart_login_002 - 126 - Checking the login status
2026-01-30 07:42:46,258 - INFO - test_Credkart_login_002 - 128 - User login successful and taking screenshot
2026-01-30 07:42:46,258 - INFO - test_Credkart_login_002 - 128 - User login successful and taking screenshot
2026-01-30 07:42:46,320 - INFO - test_Credkart_login_excel_ddt_004 - 58 - Clicking on menu button
2026-01-30 07:42:46,320 - INFO - test_Credkart_login_excel_ddt_004 - 58 - Clicking on menu button
2026-01-30 07:42:46,678 - INFO - test_Credkart_login_excel_ddt_004 - 60 - Clicking on logout button
2026-01-30 07:42:46,678 - INFO - test_Credkart_login_excel_ddt_004 - 60 - Clicking on logout button
2026-01-30 07:42:46,828 - INFO - test_Credkart_login_002 - 130 - Clicking on menu button
2026-01-30 07:42:46,828 - INFO - test_Credkart_login_002 - 130 - Clicking on menu button
2026-01-30 07:42:47,327 - INFO - test_Credkart_login_002 - 132 - Clicking on logout button
2026-01-30 07:42:47,327 - INFO - test_Credkart_login_002 - 132 - Clicking on logout button
2026-01-30 07:42:47,705 - INFO - test_Credkart_registration_003 - 178 - User registration successful and taking screenshot
2026-01-30 07:42:47,705 - INFO - test_Credkart_registration_003 - 178 - User registration successful and taking screenshot
2026-01-30 07:42:48,129 - INFO - test_Credkart_login_excel_ddt_004 - 43 - Opening browser and getting https://automation.credence.in/login
2026-01-30 07:42:48,129 - INFO - test_Credkart_login_excel_ddt_004 - 43 - Opening browser and getting https://automation.credence.in/login
2026-01-30 07:42:48,258 - INFO - test_Credkart_login_002 - 138 - Testcase test_Credkart_login_002 is completed
2026-01-30 07:42:48,258 - INFO - test_Credkart_login_002 - 138 - Testcase test_Credkart_login_002 is completed
2026-01-30 07:42:48,326 - INFO - test_Credkart_login_excel_ddt_004 - 48 - Entering the Email Credencetest@test.com11
2026-01-30 07:42:48,326 - INFO - test_Credkart_login_excel_ddt_004 - 48 - Entering the Email Credencetest@test.com11
2026-01-30 07:42:48,365 - INFO - test_Credkart_registration_003 - 180 - Clicking on menu button
2026-01-30 07:42:48,365 - INFO - test_Credkart_registration_003 - 180 - Clicking on menu button
2026-01-30 07:42:48,728 - INFO - test_Credkart_login_excel_ddt_004 - 50 - Entering the password
2026-01-30 07:42:48,728 - INFO - test_Credkart_login_excel_ddt_004 - 50 - Entering the password
2026-01-30 07:42:48,831 - INFO - test_Credkart_registration_003 - 182 - Clicking on logout button
2026-01-30 07:42:48,831 - INFO - test_Credkart_registration_003 - 182 - Clicking on logout button
2026-01-30 07:42:49,226 - INFO - test_Credkart_login_excel_ddt_004 - 52 - Clicking on login button
2026-01-30 07:42:49,226 - INFO - test_Credkart_login_excel_ddt_004 - 52 - Clicking on login button
2026-01-30 07:42:49,910 - INFO - test_Credkart_registration_003 - 188 - Testcase test_Credkart_registration_003 is completed
2026-01-30 07:42:49,910 - INFO - test_Credkart_registration_003 - 188 - Testcase test_Credkart_registration_003 is completed
2026-01-30 07:42:50,035 - INFO - test_Credkart_login_excel_ddt_004 - 54 - Checking the login status
2026-01-30 07:42:50,035 - INFO - test_Credkart_login_excel_ddt_004 - 54 - Checking the login status
2026-01-30 07:42:55,092 - INFO - test_Credkart_login_excel_ddt_004 - 65 - User login fail and taking screenshot
2026-01-30 07:42:55,092 - INFO - test_Credkart_login_excel_ddt_004 - 65 - User login fail and taking screenshot
2026-01-30 07:42:55,798 - INFO - test_Credkart_login_excel_ddt_004 - 43 - Opening browser and getting https://automation.credence.in/login
2026-01-30 07:42:55,798 - INFO - test_Credkart_login_excel_ddt_004 - 43 - Opening browser and getting https://automation.credence.in/login
2026-01-30 07:42:55,902 - INFO - test_Credkart_login_excel_ddt_004 - 48 - Entering the Email Credencetest@test.com
2026-01-30 07:42:55,902 - INFO - test_Credkart_login_excel_ddt_004 - 48 - Entering the Email Credencetest@test.com
2026-01-30 07:42:56,241 - INFO - test_Credkart_login_excel_ddt_004 - 50 - Entering the password
2026-01-30 07:42:56,241 - INFO - test_Credkart_login_excel_ddt_004 - 50 - Entering the password
2026-01-30 07:42:56,422 - INFO - test_Credkart_login_excel_ddt_004 - 52 - Clicking on login button
2026-01-30 07:42:56,422 - INFO - test_Credkart_login_excel_ddt_004 - 52 - Clicking on login button
2026-01-30 07:42:56,990 - INFO - test_Credkart_login_excel_ddt_004 - 54 - Checking the login status
2026-01-30 07:42:56,990 - INFO - test_Credkart_login_excel_ddt_004 - 54 - Checking the login status
2026-01-30 07:43:02,034 - INFO - test_Credkart_login_excel_ddt_004 - 65 - User login fail and taking screenshot
2026-01-30 07:43:02,034 - INFO - test_Credkart_login_excel_ddt_004 - 65 - User login fail and taking screenshot
2026-01-30 07:43:02,466 - INFO - test_Credkart_login_excel_ddt_004 - 43 - Opening browser and getting https://automation.credence.in/login
2026-01-30 07:43:02,466 - INFO - test_Credkart_login_excel_ddt_004 - 43 - Opening browser and getting https://automation.credence.in/login
2026-01-30 07:43:02,542 - INFO - test_Credkart_login_excel_ddt_004 - 48 - Entering the Email Credencetest@test.com11
2026-01-30 07:43:02,542 - INFO - test_Credkart_login_excel_ddt_004 - 48 - Entering the Email Credencetest@test.com11
2026-01-30 07:43:02,785 - INFO - test_Credkart_login_excel_ddt_004 - 50 - Entering the password
2026-01-30 07:43:02,785 - INFO - test_Credkart_login_excel_ddt_004 - 50 - Entering the password
2026-01-30 07:43:02,932 - INFO - test_Credkart_login_excel_ddt_004 - 52 - Clicking on login button
2026-01-30 07:43:02,932 - INFO - test_Credkart_login_excel_ddt_004 - 52 - Clicking on login button
2026-01-30 07:43:03,075 - INFO - test_Credkart_login_excel_ddt_004 - 54 - Checking the login status
2026-01-30 07:43:03,075 - INFO - test_Credkart_login_excel_ddt_004 - 54 - Checking the login status
2026-01-30 07:43:08,153 - INFO - test_Credkart_login_excel_ddt_004 - 65 - User login fail and taking screenshot
2026-01-30 07:43:08,153 - INFO - test_Credkart_login_excel_ddt_004 - 65 - User login fail and taking screenshot
2026-01-30 07:43:08,631 - INFO - test_Credkart_login_excel_ddt_004 - 80 - All the testcases are passed
2026-01-30 07:43:08,631 - INFO - test_Credkart_login_excel_ddt_004 - 80 - All the testcases are passed
2026-01-30 07:43:08,633 - INFO - test_Credkart_login_excel_ddt_004 - 85 - Testcase test_Credkart_login_excel_ddt_004 is completed
2026-01-30 07:43:08,633 - INFO - test_Credkart_login_excel_ddt_004 - 85 - Testcase test_Credkart_login_excel_ddt_004 is completed
2026-01-30 07:47:43,570 - INFO - test_verify_Credkart_url_001 - 51 - Testcase test_verify_Credkart_url_001 is started
2026-01-30 07:47:43,570 - INFO - test_verify_Credkart_url_001 - 51 - Testcase test_verify_Credkart_url_001 is started
2026-01-30 07:47:43,833 - INFO - test_Credkart_registration_003 - 159 - Testcase test_Credkart_registration_003 is started
2026-01-30 07:47:43,833 - INFO - test_Credkart_registration_003 - 159 - Testcase test_Credkart_registration_003 is started
2026-01-30 07:47:43,842 - INFO - test_Credkart_login_excel_ddt_004 - 34 - Testcase test_Credkart_login_excel_ddt_004 is started
2026-01-30 07:47:43,842 - INFO - test_Credkart_login_excel_ddt_004 - 34 - Testcase test_Credkart_login_excel_ddt_004 is started
2026-01-30 07:47:43,842 - INFO - test_Credkart_login_excel_ddt_004 - 36 - Reading data from excel
2026-01-30 07:47:43,842 - INFO - test_Credkart_login_excel_ddt_004 - 36 - Reading data from excel
2026-01-30 07:47:43,850 - INFO - test_Credkart_login_002 - 82 - Testcase test_Credkart_login_002 is started
2026-01-30 07:47:43,850 - INFO - test_Credkart_login_002 - 82 - Testcase test_Credkart_login_002 is started
2026-01-30 07:47:43,865 - INFO - test_Credkart_login_excel_ddt_004 - 38 - Number of rows in excel is 5
2026-01-30 07:47:43,865 - INFO - test_Credkart_login_excel_ddt_004 - 38 - Number of rows in excel is 5
2026-01-30 07:47:44,272 - INFO - test_verify_Credkart_url_001 - 53 - Opening browser and getting https://automation.credence.in/login
2026-01-30 07:47:44,272 - INFO - test_verify_Credkart_url_001 - 53 - Opening browser and getting https://automation.credence.in/login
2026-01-30 07:47:44,272 - INFO - test_verify_Credkart_url_001 - 54 - Checking driver title
2026-01-30 07:47:44,272 - INFO - test_verify_Credkart_url_001 - 54 - Checking driver title
2026-01-30 07:47:44,461 - INFO - test_verify_Credkart_url_001 - 56 - Testcase test_verify_Credkart_url_001 is passed
2026-01-30 07:47:44,461 - INFO - test_verify_Credkart_url_001 - 56 - Testcase test_verify_Credkart_url_001 is passed
2026-01-30 07:47:44,461 - INFO - test_verify_Credkart_url_001 - 57 - Taking screenshot
2026-01-30 07:47:44,461 - INFO - test_verify_Credkart_url_001 - 57 - Taking screenshot
2026-01-30 07:47:44,842 - INFO - test_Credkart_registration_003 - 161 - Opening browser and getting https://automation.credence.in/register
2026-01-30 07:47:44,842 - INFO - test_Credkart_registration_003 - 161 - Opening browser and getting https://automation.credence.in/register
2026-01-30 07:47:44,853 - INFO - test_Credkart_registration_003 - 164 - Generated fake data for username--> amandafriedman and email --> charlesstewart@example.com
2026-01-30 07:47:44,853 - INFO - test_Credkart_registration_003 - 164 - Generated fake data for username--> amandafriedman and email --> charlesstewart@example.com
2026-01-30 07:47:44,853 - INFO - test_Credkart_registration_003 - 168 - Entering the Username--> amandafriedman
2026-01-30 07:47:44,853 - INFO - test_Credkart_registration_003 - 168 - Entering the Username--> amandafriedman
2026-01-30 07:47:44,881 - INFO - test_verify_Credkart_url_001 - 68 - Testcase test_verify_Credkart_url_001 is completed
2026-01-30 07:47:44,881 - INFO - test_verify_Credkart_url_001 - 68 - Testcase test_verify_Credkart_url_001 is completed
2026-01-30 07:47:44,945 - INFO - test_Credkart_login_excel_ddt_004 - 43 - Opening browser and getting https://automation.credence.in/login
2026-01-30 07:47:44,945 - INFO - test_Credkart_login_excel_ddt_004 - 43 - Opening browser and getting https://automation.credence.in/login
2026-01-30 07:47:44,990 - INFO - test_Credkart_login_002 - 84 - Opening browser and getting https://automation.credence.in/login
2026-01-30 07:47:44,990 - INFO - test_Credkart_login_002 - 84 - Opening browser and getting https://automation.credence.in/login
2026-01-30 07:47:44,990 - INFO - test_Credkart_login_002 - 93 - Entering the Email Credencetest@test.com
2026-01-30 07:47:44,990 - INFO - test_Credkart_login_002 - 93 - Entering the Email Credencetest@test.com
2026-01-30 07:47:45,001 - INFO - test_Credkart_login_excel_ddt_004 - 48 - Entering the Email Credencetest@test.com
2026-01-30 07:47:45,001 - INFO - test_Credkart_login_excel_ddt_004 - 48 - Entering the Email Credencetest@test.com
2026-01-30 07:47:45,172 - INFO - test_Credkart_registration_003 - 171 - Entering the Email--> charlesstewart@example.com
2026-01-30 07:47:45,172 - INFO - test_Credkart_registration_003 - 171 - Entering the Email--> charlesstewart@example.com
2026-01-30 07:47:45,272 - INFO - test_Credkart_login_excel_ddt_004 - 50 - Entering the password
2026-01-30 07:47:45,272 - INFO - test_Credkart_login_excel_ddt_004 - 50 - Entering the password
2026-01-30 07:47:45,303 - INFO - test_Credkart_login_002 - 100 - Entering the password
2026-01-30 07:47:45,303 - INFO - test_Credkart_login_002 - 100 - Entering the password
2026-01-30 07:47:45,407 - INFO - test_Credkart_registration_003 - 174 - Entering the Password
2026-01-30 07:47:45,407 - INFO - test_Credkart_registration_003 - 174 - Entering the Password
2026-01-30 07:47:45,446 - INFO - test_Credkart_login_excel_ddt_004 - 52 - Clicking on login button
2026-01-30 07:47:45,446 - INFO - test_Credkart_login_excel_ddt_004 - 52 - Clicking on login button
2026-01-30 07:47:45,570 - INFO - test_Credkart_login_002 - 106 - Clicking on login button
2026-01-30 07:47:45,570 - INFO - test_Credkart_login_002 - 106 - Clicking on login button
2026-01-30 07:47:45,634 - INFO - test_Credkart_registration_003 - 177 - Entering the Confirm Password
2026-01-30 07:47:45,634 - INFO - test_Credkart_registration_003 - 177 - Entering the Confirm Password
2026-01-30 07:47:45,875 - INFO - test_Credkart_registration_003 - 180 - Clicking on register button
2026-01-30 07:47:45,875 - INFO - test_Credkart_registration_003 - 180 - Clicking on register button
2026-01-30 07:47:46,659 - INFO - test_Credkart_login_excel_ddt_004 - 54 - Checking the login status
2026-01-30 07:47:46,659 - INFO - test_Credkart_login_excel_ddt_004 - 54 - Checking the login status
2026-01-30 07:47:46,797 - INFO - test_Credkart_login_excel_ddt_004 - 56 - User login successful and taking screenshot
2026-01-30 07:47:46,797 - INFO - test_Credkart_login_excel_ddt_004 - 56 - User login successful and taking screenshot
2026-01-30 07:47:46,924 - INFO - test_Credkart_login_excel_ddt_004 - 61 - Clicking on menu button
2026-01-30 07:47:46,924 - INFO - test_Credkart_login_excel_ddt_004 - 61 - Clicking on menu button
2026-01-30 07:47:47,025 - INFO - test_Credkart_login_002 - 126 - Checking the login status
2026-01-30 07:47:47,025 - INFO - test_Credkart_login_002 - 126 - Checking the login status
2026-01-30 07:47:47,116 - INFO - test_Credkart_login_002 - 128 - User login successful and taking screenshot
2026-01-30 07:47:47,116 - INFO - test_Credkart_login_002 - 128 - User login successful and taking screenshot
2026-01-30 07:47:47,191 - INFO - test_Credkart_login_excel_ddt_004 - 63 - Clicking on logout button
2026-01-30 07:47:47,191 - INFO - test_Credkart_login_excel_ddt_004 - 63 - Clicking on logout button
2026-01-30 07:47:47,337 - INFO - test_Credkart_registration_003 - 184 - User registration successful and taking screenshot
2026-01-30 07:47:47,337 - INFO - test_Credkart_registration_003 - 184 - User registration successful and taking screenshot
2026-01-30 07:47:47,419 - INFO - test_Credkart_registration_003 - 189 - Clicking on menu button
2026-01-30 07:47:47,419 - INFO - test_Credkart_registration_003 - 189 - Clicking on menu button
2026-01-30 07:47:47,582 - INFO - test_Credkart_registration_003 - 191 - Clicking on logout button
2026-01-30 07:47:47,582 - INFO - test_Credkart_registration_003 - 191 - Clicking on logout button
2026-01-30 07:47:47,734 - INFO - test_Credkart_registration_003 - 200 - Testcase test_Credkart_registration_003 is completed
2026-01-30 07:47:47,734 - INFO - test_Credkart_registration_003 - 200 - Testcase test_Credkart_registration_003 is completed
2026-01-30 07:47:48,028 - INFO - test_Credkart_login_002 - 82 - Testcase test_Credkart_login_002 is started
2026-01-30 07:47:48,028 - INFO - test_Credkart_login_002 - 82 - Testcase test_Credkart_login_002 is started
2026-01-30 07:47:48,496 - INFO - test_Credkart_login_002 - 84 - Opening browser and getting https://automation.credence.in/login
2026-01-30 07:47:48,496 - INFO - test_Credkart_login_002 - 84 - Opening browser and getting https://automation.credence.in/login
2026-01-30 07:47:48,497 - INFO - test_Credkart_login_002 - 93 - Entering the Email Credencetest@test.com
2026-01-30 07:47:48,497 - INFO - test_Credkart_login_002 - 93 - Entering the Email Credencetest@test.com
2026-01-30 07:47:52,768 - INFO - test_Credkart_login_excel_ddt_004 - 34 - Testcase test_Credkart_login_excel_ddt_004 is started
2026-01-30 07:47:52,768 - INFO - test_Credkart_login_excel_ddt_004 - 34 - Testcase test_Credkart_login_excel_ddt_004 is started
2026-01-30 07:47:52,768 - INFO - test_Credkart_login_excel_ddt_004 - 36 - Reading data from excel
2026-01-30 07:47:52,768 - INFO - test_Credkart_login_excel_ddt_004 - 36 - Reading data from excel
2026-01-30 07:47:52,776 - INFO - test_Credkart_login_excel_ddt_004 - 38 - Number of rows in excel is 5
2026-01-30 07:47:52,776 - INFO - test_Credkart_login_excel_ddt_004 - 38 - Number of rows in excel is 5
2026-01-30 07:47:53,154 - INFO - test_Credkart_login_excel_ddt_004 - 43 - Opening browser and getting https://automation.credence.in/login
2026-01-30 07:47:53,154 - INFO - test_Credkart_login_excel_ddt_004 - 43 - Opening browser and getting https://automation.credence.in/login
2026-01-30 07:47:53,184 - INFO - test_Credkart_login_excel_ddt_004 - 48 - Entering the Email Credencetest@test.com
2026-01-30 07:47:53,184 - INFO - test_Credkart_login_excel_ddt_004 - 48 - Entering the Email Credencetest@test.com
2026-01-30 18:36:49,368 - INFO - test_Credkart_login_excel_ddt_004 - 34 - Testcase test_Credkart_login_excel_ddt_004 is started
2026-01-30 18:36:49,368 - INFO - test_Credkart_login_excel_ddt_004 - 34 - Testcase test_Credkart_login_excel_ddt_004 is started
2026-01-30 18:36:49,369 - INFO - test_Credkart_login_excel_ddt_004 - 36 - Reading data from excel
2026-01-30 18:36:49,369 - INFO - test_Credkart_login_excel_ddt_004 - 36 - Reading data from excel
2026-01-30 18:36:49,387 - INFO - test_Credkart_login_excel_ddt_004 - 38 - Number of rows in excel is 5
2026-01-30 18:36:49,387 - INFO - test_Credkart_login_excel_ddt_004 - 38 - Number of rows in excel is 5
2026-01-30 18:36:52,200 - INFO - test_Credkart_login_excel_ddt_004 - 43 - Opening browser and getting https://automation.credence.in/login
2026-01-30 18:36:52,200 - INFO - test_Credkart_login_excel_ddt_004 - 43 - Opening browser and getting https://automation.credence.in/login
2026-01-30 18:36:52,234 - INFO - test_Credkart_login_excel_ddt_004 - 48 - Entering the Email Credencetest@test.com
2026-01-30 18:36:52,234 - INFO - test_Credkart_login_excel_ddt_004 - 48 - Entering the Email Credencetest@test.com
2026-01-30 18:36:52,376 - INFO - test_Credkart_login_excel_ddt_004 - 50 - Entering the password
2026-01-30 18:36:52,376 - INFO - test_Credkart_login_excel_ddt_004 - 50 - Entering the password
2026-01-30 18:36:52,447 - INFO - test_Credkart_login_excel_ddt_004 - 52 - Clicking on login button
2026-01-30 18:36:52,447 - INFO - test_Credkart_login_excel_ddt_004 - 52 - Clicking on login button
2026-01-30 18:36:54,166 - INFO - test_Credkart_login_excel_ddt_004 - 54 - Checking the login status
2026-01-30 18:36:54,166 - INFO - test_Credkart_login_excel_ddt_004 - 54 - Checking the login status
2026-01-30 18:36:54,202 - INFO - test_Credkart_login_excel_ddt_004 - 56 - User login successful and taking screenshot
2026-01-30 18:36:54,202 - INFO - test_Credkart_login_excel_ddt_004 - 56 - User login successful and taking screenshot
2026-01-30 18:36:54,326 - INFO - test_Credkart_login_excel_ddt_004 - 61 - Clicking on menu button
2026-01-30 18:36:54,326 - INFO - test_Credkart_login_excel_ddt_004 - 61 - Clicking on menu button
2026-01-30 18:36:54,428 - INFO - test_Credkart_login_excel_ddt_004 - 63 - Clicking on logout button
2026-01-30 18:36:54,428 - INFO - test_Credkart_login_excel_ddt_004 - 63 - Clicking on logout button
2026-01-30 18:36:55,711 - INFO - test_Credkart_login_excel_ddt_004 - 43 - Opening browser and getting https://automation.credence.in/login
2026-01-30 18:36:55,711 - INFO - test_Credkart_login_excel_ddt_004 - 43 - Opening browser and getting https://automation.credence.in/login
2026-01-30 18:36:55,737 - INFO - test_Credkart_login_excel_ddt_004 - 48 - Entering the Email Credencetest@test.com11
2026-01-30 18:36:55,737 - INFO - test_Credkart_login_excel_ddt_004 - 48 - Entering the Email Credencetest@test.com11
2026-01-30 18:36:55,874 - INFO - test_Credkart_login_excel_ddt_004 - 50 - Entering the password
2026-01-30 18:36:55,874 - INFO - test_Credkart_login_excel_ddt_004 - 50 - Entering the password
2026-01-30 18:36:55,935 - INFO - test_Credkart_login_excel_ddt_004 - 52 - Clicking on login button
2026-01-30 18:36:55,935 - INFO - test_Credkart_login_excel_ddt_004 - 52 - Clicking on login button
2026-01-30 18:36:55,995 - INFO - test_Credkart_login_excel_ddt_004 - 54 - Checking the login status
2026-01-30 18:36:55,995 - INFO - test_Credkart_login_excel_ddt_004 - 54 - Checking the login status
2026-01-30 18:37:01,080 - INFO - test_Credkart_login_excel_ddt_004 - 68 - User login fail and taking screenshot
2026-01-30 18:37:01,080 - INFO - test_Credkart_login_excel_ddt_004 - 68 - User login fail and taking screenshot
2026-01-30 18:37:01,743 - INFO - test_Credkart_login_excel_ddt_004 - 43 - Opening browser and getting https://automation.credence.in/login
2026-01-30 18:37:01,743 - INFO - test_Credkart_login_excel_ddt_004 - 43 - Opening browser and getting https://automation.credence.in/login
2026-01-30 18:37:01,768 - INFO - test_Credkart_login_excel_ddt_004 - 48 - Entering the Email Credencetest@test.com
2026-01-30 18:37:01,768 - INFO - test_Credkart_login_excel_ddt_004 - 48 - Entering the Email Credencetest@test.com
2026-01-30 18:37:01,992 - INFO - test_Credkart_login_excel_ddt_004 - 50 - Entering the password
2026-01-30 18:37:01,992 - INFO - test_Credkart_login_excel_ddt_004 - 50 - Entering the password
2026-01-30 18:37:02,105 - INFO - test_Credkart_login_excel_ddt_004 - 52 - Clicking on login button
2026-01-30 18:37:02,105 - INFO - test_Credkart_login_excel_ddt_004 - 52 - Clicking on login button
2026-01-30 18:37:02,996 - INFO - test_Credkart_login_excel_ddt_004 - 54 - Checking the login status
2026-01-30 18:37:02,996 - INFO - test_Credkart_login_excel_ddt_004 - 54 - Checking the login status
2026-01-30 18:37:08,025 - INFO - test_Credkart_login_excel_ddt_004 - 68 - User login fail and taking screenshot
2026-01-30 18:37:08,025 - INFO - test_Credkart_login_excel_ddt_004 - 68 - User login fail and taking screenshot
2026-01-30 18:37:08,548 - INFO - test_Credkart_login_excel_ddt_004 - 43 - Opening browser and getting https://automation.credence.in/login
2026-01-30 18:37:08,548 - INFO - test_Credkart_login_excel_ddt_004 - 43 - Opening browser and getting https://automation.credence.in/login
2026-01-30 18:37:08,908 - INFO - test_Credkart_login_excel_ddt_004 - 48 - Entering the Email Credencetest@test.com11
2026-01-30 18:37:08,908 - INFO - test_Credkart_login_excel_ddt_004 - 48 - Entering the Email Credencetest@test.com11
2026-01-30 18:37:09,415 - INFO - test_Credkart_login_excel_ddt_004 - 50 - Entering the password
2026-01-30 18:37:09,415 - INFO - test_Credkart_login_excel_ddt_004 - 50 - Entering the password
2026-01-30 18:37:09,512 - INFO - test_Credkart_login_excel_ddt_004 - 52 - Clicking on login button
2026-01-30 18:37:09,512 - INFO - test_Credkart_login_excel_ddt_004 - 52 - Clicking on login button
2026-01-30 18:37:09,593 - INFO - test_Credkart_login_excel_ddt_004 - 54 - Checking the login status
2026-01-30 18:37:09,593 - INFO - test_Credkart_login_excel_ddt_004 - 54 - Checking the login status
2026-01-30 18:37:14,654 - INFO - test_Credkart_login_excel_ddt_004 - 68 - User login fail and taking screenshot
2026-01-30 18:37:14,654 - INFO - test_Credkart_login_excel_ddt_004 - 68 - User login fail and taking screenshot
2026-01-30 18:37:14,767 - INFO - test_Credkart_login_excel_ddt_004 - 86 - All the testcases are passed
2026-01-30 18:37:14,767 - INFO - test_Credkart_login_excel_ddt_004 - 86 - All the testcases are passed
2026-01-30 18:37:14,767 - INFO - test_Credkart_login_excel_ddt_004 - 91 - Testcase test_Credkart_login_excel_ddt_004 is completed
2026-01-30 18:37:14,767 - INFO - test_Credkart_login_excel_ddt_004 - 91 - Testcase test_Credkart_login_excel_ddt_004 is completed
2026-01-30 18:37:20,476 - INFO - test_verify_Credkart_url_001 - 66 - Testcase test_verify_Credkart_url_001 is started
2026-01-30 18:37:20,476 - INFO - test_verify_Credkart_url_001 - 66 - Testcase test_verify_Credkart_url_001 is started
2026-01-30 18:37:21,105 - INFO - test_verify_Credkart_url_001 - 68 - Opening browser and getting https://automation.credence.in/login
2026-01-30 18:37:21,105 - INFO - test_verify_Credkart_url_001 - 68 - Opening browser and getting https://automation.credence.in/login
2026-01-30 18:37:21,106 - INFO - test_verify_Credkart_url_001 - 69 - Checking driver title
2026-01-30 18:37:21,106 - INFO - test_verify_Credkart_url_001 - 69 - Checking driver title
2026-01-30 18:37:21,484 - INFO - test_verify_Credkart_url_001 - 71 - Testcase test_verify_Credkart_url_001 is passed
2026-01-30 18:37:21,484 - INFO - test_verify_Credkart_url_001 - 71 - Testcase test_verify_Credkart_url_001 is passed
2026-01-30 18:37:21,485 - INFO - test_verify_Credkart_url_001 - 72 - Taking screenshot
2026-01-30 18:37:21,485 - INFO - test_verify_Credkart_url_001 - 72 - Taking screenshot
2026-01-30 18:37:21,721 - INFO - test_verify_Credkart_url_001 - 83 - Testcase test_verify_Credkart_url_001 is completed
2026-01-30 18:37:21,721 - INFO - test_verify_Credkart_url_001 - 83 - Testcase test_verify_Credkart_url_001 is completed
2026-01-30 18:37:21,742 - INFO - test_Credkart_login_002 - 97 - Testcase test_Credkart_login_002 is started
2026-01-30 18:37:21,742 - INFO - test_Credkart_login_002 - 97 - Testcase test_Credkart_login_002 is started
2026-01-30 18:37:21,960 - INFO - test_Credkart_login_002 - 99 - Opening browser and getting https://automation.credence.in/login
2026-01-30 18:37:21,960 - INFO - test_Credkart_login_002 - 99 - Opening browser and getting https://automation.credence.in/login
2026-01-30 18:37:21,960 - INFO - test_Credkart_login_002 - 108 - Entering the Email Credencetest@test.com
2026-01-30 18:37:21,960 - INFO - test_Credkart_login_002 - 108 - Entering the Email Credencetest@test.com
2026-01-30 18:37:22,089 - INFO - test_Credkart_login_002 - 115 - Entering the password
2026-01-30 18:37:22,089 - INFO - test_Credkart_login_002 - 115 - Entering the password
2026-01-30 18:37:22,181 - INFO - test_Credkart_login_002 - 121 - Clicking on login button
2026-01-30 18:37:22,181 - INFO - test_Credkart_login_002 - 121 - Clicking on login button
2026-01-30 18:37:22,312 - INFO - test_Credkart_login_002 - 141 - Checking the login status
2026-01-30 18:37:22,312 - INFO - test_Credkart_login_002 - 141 - Checking the login status
2026-01-30 18:37:23,561 - INFO - test_Credkart_login_002 - 143 - User login successful and taking screenshot
2026-01-30 18:37:23,561 - INFO - test_Credkart_login_002 - 143 - User login successful and taking screenshot
2026-01-30 18:37:24,330 - INFO - test_Credkart_login_002 - 97 - Testcase test_Credkart_login_002 is started
2026-01-30 18:37:24,330 - INFO - test_Credkart_login_002 - 97 - Testcase test_Credkart_login_002 is started
2026-01-30 18:37:24,682 - INFO - test_Credkart_login_002 - 99 - Opening browser and getting https://automation.credence.in/login
2026-01-30 18:37:24,682 - INFO - test_Credkart_login_002 - 99 - Opening browser and getting https://automation.credence.in/login
2026-01-30 18:37:24,682 - INFO - test_Credkart_login_002 - 108 - Entering the Email Credencetest@test.com
2026-01-30 18:37:24,682 - INFO - test_Credkart_login_002 - 108 - Entering the Email Credencetest@test.com
2026-01-30 18:37:29,773 - INFO - test_Credkart_registration_003 - 174 - Testcase test_Credkart_registration_003 is started
2026-01-30 18:37:29,773 - INFO - test_Credkart_registration_003 - 174 - Testcase test_Credkart_registration_003 is started
2026-01-30 18:37:30,189 - INFO - test_Credkart_registration_003 - 176 - Opening browser and getting https://automation.credence.in/register
2026-01-30 18:37:30,189 - INFO - test_Credkart_registration_003 - 176 - Opening browser and getting https://automation.credence.in/register
2026-01-30 18:37:30,193 - INFO - test_Credkart_registration_003 - 179 - Generated fake data for username--> tshaw and email --> meredithschultz@example.com
2026-01-30 18:37:30,193 - INFO - test_Credkart_registration_003 - 179 - Generated fake data for username--> tshaw and email --> meredithschultz@example.com
2026-01-30 18:37:30,193 - INFO - test_Credkart_registration_003 - 183 - Entering the Username--> tshaw
2026-01-30 18:37:30,193 - INFO - test_Credkart_registration_003 - 183 - Entering the Username--> tshaw
2026-01-30 18:37:35,313 - INFO - test_Credkart_registration_003 - 174 - Testcase test_Credkart_registration_003 is started
2026-01-30 18:37:35,313 - INFO - test_Credkart_registration_003 - 174 - Testcase test_Credkart_registration_003 is started
2026-01-30 18:37:35,729 - INFO - test_Credkart_registration_003 - 176 - Opening browser and getting https://automation.credence.in/register
2026-01-30 18:37:35,729 - INFO - test_Credkart_registration_003 - 176 - Opening browser and getting https://automation.credence.in/register
2026-01-30 18:37:35,731 - INFO - test_Credkart_registration_003 - 179 - Generated fake data for username--> vford and email --> qlee@example.org
2026-01-30 18:37:35,731 - INFO - test_Credkart_registration_003 - 179 - Generated fake data for username--> vford and email --> qlee@example.org
2026-01-30 18:37:35,731 - INFO - test_Credkart_registration_003 - 183 - Entering the Username--> vford
2026-01-30 18:37:35,731 - INFO - test_Credkart_registration_003 - 183 - Entering the Username--> vford
2026-01-30 18:55:13,209 - INFO - test_Credkart_login_excel_ddt_004 - 34 - Testcase test_Credkart_login_excel_ddt_004 is started
2026-01-30 18:55:13,209 - INFO - test_Credkart_login_excel_ddt_004 - 34 - Testcase test_Credkart_login_excel_ddt_004 is started
2026-01-30 18:55:13,220 - INFO - test_Credkart_login_excel_ddt_004 - 36 - Reading data from excel
2026-01-30 18:55:13,220 - INFO - test_Credkart_login_excel_ddt_004 - 36 - Reading data from excel
2026-01-30 18:55:13,267 - INFO - test_Credkart_login_excel_ddt_004 - 38 - Number of rows in excel is 5
2026-01-30 18:55:13,267 - INFO - test_Credkart_login_excel_ddt_004 - 38 - Number of rows in excel is 5
2026-01-30 18:55:14,455 - INFO - test_Credkart_login_excel_ddt_004 - 43 - Opening browser and getting https://automation.credence.in/login
2026-01-30 18:55:14,455 - INFO - test_Credkart_login_excel_ddt_004 - 43 - Opening browser and getting https://automation.credence.in/login
2026-01-30 18:55:14,503 - INFO - test_Credkart_login_excel_ddt_004 - 48 - Entering the Email Credencetest@test.com
2026-01-30 18:55:14,503 - INFO - test_Credkart_login_excel_ddt_004 - 48 - Entering the Email Credencetest@test.com
2026-01-30 18:55:14,870 - INFO - test_Credkart_login_excel_ddt_004 - 50 - Entering the password
2026-01-30 18:55:14,870 - INFO - test_Credkart_login_excel_ddt_004 - 50 - Entering the password
2026-01-30 18:55:14,999 - INFO - test_Credkart_login_excel_ddt_004 - 52 - Clicking on login button
2026-01-30 18:55:14,999 - INFO - test_Credkart_login_excel_ddt_004 - 52 - Clicking on login button
2026-01-30 18:55:15,961 - INFO - test_Credkart_login_excel_ddt_004 - 54 - Checking the login status
2026-01-30 18:55:15,961 - INFO - test_Credkart_login_excel_ddt_004 - 54 - Checking the login status
2026-01-30 18:55:15,996 - INFO - test_Credkart_login_excel_ddt_004 - 56 - User login successful and taking screenshot
2026-01-30 18:55:15,996 - INFO - test_Credkart_login_excel_ddt_004 - 56 - User login successful and taking screenshot
2026-01-30 18:55:16,141 - INFO - test_Credkart_login_excel_ddt_004 - 61 - Clicking on menu button
2026-01-30 18:55:16,141 - INFO - test_Credkart_login_excel_ddt_004 - 61 - Clicking on menu button
2026-01-30 18:55:16,236 - INFO - test_Credkart_login_excel_ddt_004 - 63 - Clicking on logout button
2026-01-30 18:55:16,236 - INFO - test_Credkart_login_excel_ddt_004 - 63 - Clicking on logout button
2026-01-30 18:55:17,305 - INFO - test_Credkart_login_excel_ddt_004 - 43 - Opening browser and getting https://automation.credence.in/login
2026-01-30 18:55:17,305 - INFO - test_Credkart_login_excel_ddt_004 - 43 - Opening browser and getting https://automation.credence.in/login
2026-01-30 18:55:17,351 - INFO - test_Credkart_login_excel_ddt_004 - 48 - Entering the Email Credencetest@test.com11
2026-01-30 18:55:17,351 - INFO - test_Credkart_login_excel_ddt_004 - 48 - Entering the Email Credencetest@test.com11
2026-01-30 18:55:17,512 - INFO - test_Credkart_login_excel_ddt_004 - 50 - Entering the password
2026-01-30 18:55:17,512 - INFO - test_Credkart_login_excel_ddt_004 - 50 - Entering the password
2026-01-30 18:55:17,656 - INFO - test_Credkart_login_excel_ddt_004 - 52 - Clicking on login button
2026-01-30 18:55:17,656 - INFO - test_Credkart_login_excel_ddt_004 - 52 - Clicking on login button
2026-01-30 18:55:18,031 - INFO - test_Credkart_login_excel_ddt_004 - 54 - Checking the login status
2026-01-30 18:55:18,031 - INFO - test_Credkart_login_excel_ddt_004 - 54 - Checking the login status
2026-01-30 18:55:23,080 - INFO - test_Credkart_login_excel_ddt_004 - 68 - User login fail and taking screenshot
2026-01-30 18:55:23,080 - INFO - test_Credkart_login_excel_ddt_004 - 68 - User login fail and taking screenshot
2026-01-30 18:55:23,462 - INFO - test_Credkart_login_excel_ddt_004 - 43 - Opening browser and getting https://automation.credence.in/login
2026-01-30 18:55:23,462 - INFO - test_Credkart_login_excel_ddt_004 - 43 - Opening browser and getting https://automation.credence.in/login
2026-01-30 18:55:23,493 - INFO - test_Credkart_login_excel_ddt_004 - 48 - Entering the Email Credencetest@test.com
2026-01-30 18:55:23,493 - INFO - test_Credkart_login_excel_ddt_004 - 48 - Entering the Email Credencetest@test.com
2026-01-30 18:55:23,616 - INFO - test_Credkart_login_excel_ddt_004 - 50 - Entering the password
2026-01-30 18:55:23,616 - INFO - test_Credkart_login_excel_ddt_004 - 50 - Entering the password
2026-01-30 18:55:23,684 - INFO - test_Credkart_login_excel_ddt_004 - 52 - Clicking on login button
2026-01-30 18:55:23,684 - INFO - test_Credkart_login_excel_ddt_004 - 52 - Clicking on login button
2026-01-30 18:55:23,746 - INFO - test_Credkart_login_excel_ddt_004 - 54 - Checking the login status
2026-01-30 18:55:23,746 - INFO - test_Credkart_login_excel_ddt_004 - 54 - Checking the login status
2026-01-30 18:55:29,376 - INFO - test_Credkart_login_excel_ddt_004 - 68 - User login fail and taking screenshot
2026-01-30 18:55:29,376 - INFO - test_Credkart_login_excel_ddt_004 - 68 - User login fail and taking screenshot
2026-01-30 18:55:30,023 - INFO - test_Credkart_login_excel_ddt_004 - 43 - Opening browser and getting https://automation.credence.in/login
2026-01-30 18:55:30,023 - INFO - test_Credkart_login_excel_ddt_004 - 43 - Opening browser and getting https://automation.credence.in/login
2026-01-30 18:55:30,071 - INFO - test_Credkart_login_excel_ddt_004 - 48 - Entering the Email Credencetest@test.com11
2026-01-30 18:55:30,071 - INFO - test_Credkart_login_excel_ddt_004 - 48 - Entering the Email Credencetest@test.com11
2026-01-30 18:55:30,257 - INFO - test_Credkart_login_excel_ddt_004 - 50 - Entering the password
2026-01-30 18:55:30,257 - INFO - test_Credkart_login_excel_ddt_004 - 50 - Entering the password
2026-01-30 18:55:30,380 - INFO - test_Credkart_login_excel_ddt_004 - 52 - Clicking on login button
2026-01-30 18:55:30,380 - INFO - test_Credkart_login_excel_ddt_004 - 52 - Clicking on login button
2026-01-30 18:55:31,128 - INFO - test_Credkart_login_excel_ddt_004 - 54 - Checking the login status
2026-01-30 18:55:31,128 - INFO - test_Credkart_login_excel_ddt_004 - 54 - Checking the login status
2026-01-30 18:55:36,152 - INFO - test_Credkart_login_excel_ddt_004 - 68 - User login fail and taking screenshot
2026-01-30 18:55:36,152 - INFO - test_Credkart_login_excel_ddt_004 - 68 - User login fail and taking screenshot
2026-01-30 18:55:36,302 - INFO - test_Credkart_login_excel_ddt_004 - 86 - All the testcases are passed
2026-01-30 18:55:36,302 - INFO - test_Credkart_login_excel_ddt_004 - 86 - All the testcases are passed
2026-01-30 18:55:36,302 - INFO - test_Credkart_login_excel_ddt_004 - 91 - Testcase test_Credkart_login_excel_ddt_004 is completed
2026-01-30 18:55:36,302 - INFO - test_Credkart_login_excel_ddt_004 - 91 - Testcase test_Credkart_login_excel_ddt_004 is completed
2026-01-30 18:55:40,931 - INFO - test_verify_Credkart_url_001 - 66 - Testcase test_verify_Credkart_url_001 is started
2026-01-30 18:55:40,931 - INFO - test_verify_Credkart_url_001 - 66 - Testcase test_verify_Credkart_url_001 is started
2026-01-30 18:55:42,947 - INFO - test_verify_Credkart_url_001 - 68 - Opening browser and getting https://automation.credence.in/login
2026-01-30 18:55:42,947 - INFO - test_verify_Credkart_url_001 - 68 - Opening browser and getting https://automation.credence.in/login
2026-01-30 18:55:42,948 - INFO - test_verify_Credkart_url_001 - 69 - Checking driver title
2026-01-30 18:55:42,948 - INFO - test_verify_Credkart_url_001 - 69 - Checking driver title
2026-01-30 18:55:43,418 - INFO - test_verify_Credkart_url_001 - 71 - Testcase test_verify_Credkart_url_001 is passed
2026-01-30 18:55:43,418 - INFO - test_verify_Credkart_url_001 - 71 - Testcase test_verify_Credkart_url_001 is passed
2026-01-30 18:55:43,419 - INFO - test_verify_Credkart_url_001 - 72 - Taking screenshot
2026-01-30 18:55:43,419 - INFO - test_verify_Credkart_url_001 - 72 - Taking screenshot
2026-01-30 18:55:43,773 - INFO - test_verify_Credkart_url_001 - 83 - Testcase test_verify_Credkart_url_001 is completed
2026-01-30 18:55:43,773 - INFO - test_verify_Credkart_url_001 - 83 - Testcase test_verify_Credkart_url_001 is completed
2026-01-30 18:55:43,777 - INFO - test_Credkart_login_002 - 97 - Testcase test_Credkart_login_002 is started
2026-01-30 18:55:43,777 - INFO - test_Credkart_login_002 - 97 - Testcase test_Credkart_login_002 is started
2026-01-30 18:55:44,292 - INFO - test_Credkart_login_002 - 99 - Opening browser and getting https://automation.credence.in/login
2026-01-30 18:55:44,292 - INFO - test_Credkart_login_002 - 99 - Opening browser and getting https://automation.credence.in/login
2026-01-30 18:55:44,293 - INFO - test_Credkart_login_002 - 108 - Entering the Email Credencetest@test.com
2026-01-30 18:55:44,293 - INFO - test_Credkart_login_002 - 108 - Entering the Email Credencetest@test.com
2026-01-30 18:55:44,608 - INFO - test_Credkart_login_002 - 115 - Entering the password
2026-01-30 18:55:44,608 - INFO - test_Credkart_login_002 - 115 - Entering the password
2026-01-30 18:55:44,712 - INFO - test_Credkart_login_002 - 121 - Clicking on login button
2026-01-30 18:55:44,712 - INFO - test_Credkart_login_002 - 121 - Clicking on login button
2026-01-30 18:55:46,214 - INFO - test_Credkart_login_002 - 141 - Checking the login status
2026-01-30 18:55:46,214 - INFO - test_Credkart_login_002 - 141 - Checking the login status
2026-01-30 18:55:46,268 - INFO - test_Credkart_login_002 - 143 - User login successful and taking screenshot
2026-01-30 18:55:46,268 - INFO - test_Credkart_login_002 - 143 - User login successful and taking screenshot
2026-01-30 18:55:46,593 - INFO - test_Credkart_login_002 - 97 - Testcase test_Credkart_login_002 is started
2026-01-30 18:55:46,593 - INFO - test_Credkart_login_002 - 97 - Testcase test_Credkart_login_002 is started
2026-01-30 18:55:47,064 - INFO - test_Credkart_login_002 - 99 - Opening browser and getting https://automation.credence.in/login
2026-01-30 18:55:47,064 - INFO - test_Credkart_login_002 - 99 - Opening browser and getting https://automation.credence.in/login
2026-01-30 18:55:47,065 - INFO - test_Credkart_login_002 - 108 - Entering the Email Credencetest@test.com
2026-01-30 18:55:47,065 - INFO - test_Credkart_login_002 - 108 - Entering the Email Credencetest@test.com
2026-01-30 18:55:52,191 - INFO - test_Credkart_registration_003 - 174 - Testcase test_Credkart_registration_003 is started
2026-01-30 18:55:52,191 - INFO - test_Credkart_registration_003 - 174 - Testcase test_Credkart_registration_003 is started
2026-01-30 18:55:53,355 - INFO - test_Credkart_registration_003 - 176 - Opening browser and getting https://automation.credence.in/register
2026-01-30 18:55:53,355 - INFO - test_Credkart_registration_003 - 176 - Opening browser and getting https://automation.credence.in/register
2026-01-30 18:55:53,358 - INFO - test_Credkart_registration_003 - 179 - Generated fake data for username--> mclaughlinbrandon and email --> whunt@example.net
2026-01-30 18:55:53,358 - INFO - test_Credkart_registration_003 - 179 - Generated fake data for username--> mclaughlinbrandon and email --> whunt@example.net
2026-01-30 18:55:53,358 - INFO - test_Credkart_registration_003 - 183 - Entering the Username--> mclaughlinbrandon
2026-01-30 18:55:53,358 - INFO - test_Credkart_registration_003 - 183 - Entering the Username--> mclaughlinbrandon
2026-01-30 18:55:58,472 - INFO - test_Credkart_registration_003 - 174 - Testcase test_Credkart_registration_003 is started
2026-01-30 18:55:58,472 - INFO - test_Credkart_registration_003 - 174 - Testcase test_Credkart_registration_003 is started
2026-01-30 18:55:59,479 - INFO - test_Credkart_registration_003 - 176 - Opening browser and getting https://automation.credence.in/register
2026-01-30 18:55:59,479 - INFO - test_Credkart_registration_003 - 176 - Opening browser and getting https://automation.credence.in/register
2026-01-30 18:55:59,482 - INFO - test_Credkart_registration_003 - 179 - Generated fake data for username--> gloriasmith and email --> zbrown@example.org
2026-01-30 18:55:59,482 - INFO - test_Credkart_registration_003 - 179 - Generated fake data for username--> gloriasmith and email --> zbrown@example.org
2026-01-30 18:55:59,482 - INFO - test_Credkart_registration_003 - 183 - Entering the Username--> gloriasmith
2026-01-30 18:55:59,482 - INFO - test_Credkart_registration_003 - 183 - Entering the Username--> gloriasmith
2026-01-31 23:04:57,097 - INFO - test_Credkart_registration_003 - 174 - Testcase test_Credkart_registration_003 is started
2026-01-31 23:04:57,097 - INFO - test_Credkart_registration_003 - 174 - Testcase test_Credkart_registration_003 is started
2026-01-31 23:04:59,000 - INFO - test_Credkart_login_excel_ddt_004 - 34 - Testcase test_Credkart_login_excel_ddt_004 is started
2026-01-31 23:04:59,000 - INFO - test_Credkart_login_excel_ddt_004 - 34 - Testcase test_Credkart_login_excel_ddt_004 is started
2026-01-31 23:04:59,000 - INFO - test_Credkart_login_excel_ddt_004 - 36 - Reading data from excel
2026-01-31 23:04:59,000 - INFO - test_Credkart_login_excel_ddt_004 - 36 - Reading data from excel
2026-01-31 23:04:59,477 - INFO - test_Credkart_login_excel_ddt_004 - 38 - Number of rows in excel is 5
2026-01-31 23:04:59,477 - INFO - test_Credkart_login_excel_ddt_004 - 38 - Number of rows in excel is 5
2026-01-31 23:04:59,611 - INFO - test_Credkart_login_002 - 97 - Testcase test_Credkart_login_002 is started
2026-01-31 23:04:59,611 - INFO - test_Credkart_login_002 - 97 - Testcase test_Credkart_login_002 is started
2026-01-31 23:05:02,285 - INFO - test_Credkart_registration_003 - 176 - Opening browser and getting https://automation.credence.in/register
2026-01-31 23:05:02,285 - INFO - test_Credkart_registration_003 - 176 - Opening browser and getting https://automation.credence.in/register
2026-01-31 23:05:02,289 - INFO - test_Credkart_registration_003 - 179 - Generated fake data for username--> hleonard and email --> glennpowell@example.com
2026-01-31 23:05:02,289 - INFO - test_Credkart_registration_003 - 179 - Generated fake data for username--> hleonard and email --> glennpowell@example.com
2026-01-31 23:05:02,293 - INFO - test_Credkart_registration_003 - 183 - Entering the Username--> hleonard
2026-01-31 23:05:02,293 - INFO - test_Credkart_registration_003 - 183 - Entering the Username--> hleonard
2026-01-31 23:05:02,776 - INFO - test_Credkart_registration_003 - 186 - Entering the Email--> glennpowell@example.com
2026-01-31 23:05:02,776 - INFO - test_Credkart_registration_003 - 186 - Entering the Email--> glennpowell@example.com
2026-01-31 23:05:03,432 - INFO - test_Credkart_registration_003 - 189 - Entering the Password
2026-01-31 23:05:03,432 - INFO - test_Credkart_registration_003 - 189 - Entering the Password
2026-01-31 23:05:03,610 - INFO - test_Credkart_login_002 - 99 - Opening browser and getting https://automation.credence.in/login
2026-01-31 23:05:03,610 - INFO - test_Credkart_login_002 - 99 - Opening browser and getting https://automation.credence.in/login
2026-01-31 23:05:03,611 - INFO - test_Credkart_login_002 - 108 - Entering the Email Credencetest@test.com
2026-01-31 23:05:03,611 - INFO - test_Credkart_login_002 - 108 - Entering the Email Credencetest@test.com
2026-01-31 23:05:03,791 - INFO - test_Credkart_registration_003 - 192 - Entering the Confirm Password
2026-01-31 23:05:03,791 - INFO - test_Credkart_registration_003 - 192 - Entering the Confirm Password
2026-01-31 23:05:03,808 - INFO - test_Credkart_login_excel_ddt_004 - 43 - Opening browser and getting https://automation.credence.in/login
2026-01-31 23:05:03,808 - INFO - test_Credkart_login_excel_ddt_004 - 43 - Opening browser and getting https://automation.credence.in/login
2026-01-31 23:05:03,887 - INFO - test_Credkart_login_excel_ddt_004 - 48 - Entering the Email Credencetest@test.com
2026-01-31 23:05:03,887 - INFO - test_Credkart_login_excel_ddt_004 - 48 - Entering the Email Credencetest@test.com
2026-01-31 23:05:03,963 - INFO - test_Credkart_login_002 - 115 - Entering the password
2026-01-31 23:05:03,963 - INFO - test_Credkart_login_002 - 115 - Entering the password
2026-01-31 23:05:04,142 - INFO - test_Credkart_registration_003 - 195 - Clicking on register button
2026-01-31 23:05:04,142 - INFO - test_Credkart_registration_003 - 195 - Clicking on register button
2026-01-31 23:05:04,143 - INFO - test_Credkart_login_002 - 121 - Clicking on login button
2026-01-31 23:05:04,143 - INFO - test_Credkart_login_002 - 121 - Clicking on login button
2026-01-31 23:05:04,811 - INFO - test_Credkart_login_excel_ddt_004 - 50 - Entering the password
2026-01-31 23:05:04,811 - INFO - test_Credkart_login_excel_ddt_004 - 50 - Entering the password
2026-01-31 23:05:05,039 - INFO - test_Credkart_login_excel_ddt_004 - 52 - Clicking on login button
2026-01-31 23:05:05,039 - INFO - test_Credkart_login_excel_ddt_004 - 52 - Clicking on login button
2026-01-31 23:05:05,217 - INFO - test_Credkart_login_excel_ddt_004 - 54 - Checking the login status
2026-01-31 23:05:05,217 - INFO - test_Credkart_login_excel_ddt_004 - 54 - Checking the login status
2026-01-31 23:05:05,391 - INFO - test_verify_Credkart_url_001 - 66 - Testcase test_verify_Credkart_url_001 is started
2026-01-31 23:05:05,391 - INFO - test_verify_Credkart_url_001 - 66 - Testcase test_verify_Credkart_url_001 is started
2026-01-31 23:05:05,751 - INFO - test_Credkart_registration_003 - 199 - User registration successful and taking screenshot
2026-01-31 23:05:05,751 - INFO - test_Credkart_registration_003 - 199 - User registration successful and taking screenshot
2026-01-31 23:05:05,941 - INFO - test_Credkart_registration_003 - 204 - Clicking on menu button
2026-01-31 23:05:05,941 - INFO - test_Credkart_registration_003 - 204 - Clicking on menu button
2026-01-31 23:05:05,988 - INFO - test_Credkart_login_002 - 141 - Checking the login status
2026-01-31 23:05:05,988 - INFO - test_Credkart_login_002 - 141 - Checking the login status
2026-01-31 23:05:06,047 - INFO - test_Credkart_login_002 - 143 - User login successful and taking screenshot
2026-01-31 23:05:06,047 - INFO - test_Credkart_login_002 - 143 - User login successful and taking screenshot
2026-01-31 23:05:06,193 - INFO - test_Credkart_registration_003 - 206 - Clicking on logout button
2026-01-31 23:05:06,193 - INFO - test_Credkart_registration_003 - 206 - Clicking on logout button
2026-01-31 23:05:06,378 - INFO - test_Credkart_login_excel_ddt_004 - 56 - User login successful and taking screenshot
2026-01-31 23:05:06,378 - INFO - test_Credkart_login_excel_ddt_004 - 56 - User login successful and taking screenshot
2026-01-31 23:05:06,429 - INFO - test_Credkart_registration_003 - 215 - Testcase test_Credkart_registration_003 is completed
2026-01-31 23:05:06,429 - INFO - test_Credkart_registration_003 - 215 - Testcase test_Credkart_registration_003 is completed
2026-01-31 23:05:06,562 - INFO - test_Credkart_login_excel_ddt_004 - 61 - Clicking on menu button
2026-01-31 23:05:06,562 - INFO - test_Credkart_login_excel_ddt_004 - 61 - Clicking on menu button
2026-01-31 23:05:06,685 - INFO - test_Credkart_login_excel_ddt_004 - 63 - Clicking on logout button
2026-01-31 23:05:06,685 - INFO - test_Credkart_login_excel_ddt_004 - 63 - Clicking on logout button
2026-01-31 23:05:06,792 - INFO - test_verify_Credkart_url_001 - 68 - Opening browser and getting https://automation.credence.in/login
2026-01-31 23:05:06,792 - INFO - test_verify_Credkart_url_001 - 68 - Opening browser and getting https://automation.credence.in/login
2026-01-31 23:05:06,792 - INFO - test_verify_Credkart_url_001 - 69 - Checking driver title
2026-01-31 23:05:06,792 - INFO - test_verify_Credkart_url_001 - 69 - Checking driver title
2026-01-31 23:05:06,802 - INFO - test_verify_Credkart_url_001 - 71 - Testcase test_verify_Credkart_url_001 is passed
2026-01-31 23:05:06,802 - INFO - test_verify_Credkart_url_001 - 71 - Testcase test_verify_Credkart_url_001 is passed
2026-01-31 23:05:06,803 - INFO - test_verify_Credkart_url_001 - 72 - Taking screenshot
2026-01-31 23:05:06,803 - INFO - test_verify_Credkart_url_001 - 72 - Taking screenshot
2026-01-31 23:05:07,012 - INFO - test_verify_Credkart_url_001 - 83 - Testcase test_verify_Credkart_url_001 is completed
2026-01-31 23:05:07,012 - INFO - test_verify_Credkart_url_001 - 83 - Testcase test_verify_Credkart_url_001 is completed
2026-01-31 23:05:07,202 - INFO - test_Credkart_login_002 - 97 - Testcase test_Credkart_login_002 is started
2026-01-31 23:05:07,202 - INFO - test_Credkart_login_002 - 97 - Testcase test_Credkart_login_002 is started
2026-01-31 23:05:07,555 - INFO - test_Credkart_login_excel_ddt_004 - 43 - Opening browser and getting https://automation.credence.in/login
2026-01-31 23:05:07,555 - INFO - test_Credkart_login_excel_ddt_004 - 43 - Opening browser and getting https://automation.credence.in/login
2026-01-31 23:05:07,581 - INFO - test_Credkart_login_excel_ddt_004 - 48 - Entering the Email Credencetest@test.com11
2026-01-31 23:05:07,581 - INFO - test_Credkart_login_excel_ddt_004 - 48 - Entering the Email Credencetest@test.com11
2026-01-31 23:05:07,629 - INFO - test_Credkart_login_002 - 99 - Opening browser and getting https://automation.credence.in/login
2026-01-31 23:05:07,629 - INFO - test_Credkart_login_002 - 99 - Opening browser and getting https://automation.credence.in/login
2026-01-31 23:05:07,630 - INFO - test_Credkart_login_002 - 108 - Entering the Email Credencetest@test.com
2026-01-31 23:05:07,630 - INFO - test_Credkart_login_002 - 108 - Entering the Email Credencetest@test.com
2026-01-31 23:05:07,802 - INFO - test_Credkart_login_excel_ddt_004 - 50 - Entering the password
2026-01-31 23:05:07,802 - INFO - test_Credkart_login_excel_ddt_004 - 50 - Entering the password
2026-01-31 23:05:07,914 - INFO - test_Credkart_login_excel_ddt_004 - 52 - Clicking on login button
2026-01-31 23:05:07,914 - INFO - test_Credkart_login_excel_ddt_004 - 52 - Clicking on login button
2026-01-31 23:05:08,016 - INFO - test_Credkart_login_excel_ddt_004 - 54 - Checking the login status
2026-01-31 23:05:08,016 - INFO - test_Credkart_login_excel_ddt_004 - 54 - Checking the login status
2026-01-31 23:05:13,440 - INFO - test_Credkart_login_excel_ddt_004 - 68 - User login fail and taking screenshot
2026-01-31 23:05:13,440 - INFO - test_Credkart_login_excel_ddt_004 - 68 - User login fail and taking screenshot
2026-01-31 23:05:13,964 - INFO - test_Credkart_login_excel_ddt_004 - 43 - Opening browser and getting https://automation.credence.in/login
2026-01-31 23:05:13,964 - INFO - test_Credkart_login_excel_ddt_004 - 43 - Opening browser and getting https://automation.credence.in/login
2026-01-31 23:05:13,995 - INFO - test_Credkart_login_excel_ddt_004 - 48 - Entering the Email Credencetest@test.com
2026-01-31 23:05:13,995 - INFO - test_Credkart_login_excel_ddt_004 - 48 - Entering the Email Credencetest@test.com
2026-01-31 23:05:14,246 - INFO - test_Credkart_login_excel_ddt_004 - 50 - Entering the password
2026-01-31 23:05:14,246 - INFO - test_Credkart_login_excel_ddt_004 - 50 - Entering the password
2026-01-31 23:05:14,533 - INFO - test_Credkart_login_excel_ddt_004 - 52 - Clicking on login button
2026-01-31 23:05:14,533 - INFO - test_Credkart_login_excel_ddt_004 - 52 - Clicking on login button
2026-01-31 23:05:14,646 - INFO - test_Credkart_login_excel_ddt_004 - 54 - Checking the login status
2026-01-31 23:05:14,646 - INFO - test_Credkart_login_excel_ddt_004 - 54 - Checking the login status
2026-01-31 23:05:19,706 - INFO - test_Credkart_login_excel_ddt_004 - 68 - User login fail and taking screenshot
2026-01-31 23:05:19,706 - INFO - test_Credkart_login_excel_ddt_004 - 68 - User login fail and taking screenshot
2026-01-31 23:05:20,078 - INFO - test_Credkart_login_excel_ddt_004 - 43 - Opening browser and getting https://automation.credence.in/login
2026-01-31 23:05:20,078 - INFO - test_Credkart_login_excel_ddt_004 - 43 - Opening browser and getting https://automation.credence.in/login
2026-01-31 23:05:20,113 - INFO - test_Credkart_login_excel_ddt_004 - 48 - Entering the Email Credencetest@test.com11
2026-01-31 23:05:20,113 - INFO - test_Credkart_login_excel_ddt_004 - 48 - Entering the Email Credencetest@test.com11
2026-01-31 23:05:20,245 - INFO - test_Credkart_login_excel_ddt_004 - 50 - Entering the password
2026-01-31 23:05:20,245 - INFO - test_Credkart_login_excel_ddt_004 - 50 - Entering the password
2026-01-31 23:05:20,331 - INFO - test_Credkart_login_excel_ddt_004 - 52 - Clicking on login button
2026-01-31 23:05:20,331 - INFO - test_Credkart_login_excel_ddt_004 - 52 - Clicking on login button
2026-01-31 23:05:20,395 - INFO - test_Credkart_login_excel_ddt_004 - 54 - Checking the login status
2026-01-31 23:05:20,395 - INFO - test_Credkart_login_excel_ddt_004 - 54 - Checking the login status
2026-01-31 23:05:25,435 - INFO - test_Credkart_login_excel_ddt_004 - 68 - User login fail and taking screenshot
2026-01-31 23:05:25,435 - INFO - test_Credkart_login_excel_ddt_004 - 68 - User login fail and taking screenshot
2026-01-31 23:05:25,567 - INFO - test_Credkart_login_excel_ddt_004 - 86 - All the testcases are passed
2026-01-31 23:05:25,567 - INFO - test_Credkart_login_excel_ddt_004 - 86 - All the testcases are passed
2026-01-31 23:05:25,567 - INFO - test_Credkart_login_excel_ddt_004 - 91 - Testcase test_Credkart_login_excel_ddt_004 is completed
2026-01-31 23:05:25,567 - INFO - test_Credkart_login_excel_ddt_004 - 91 - Testcase test_Credkart_login_excel_ddt_004 is completed
2026-01-31 23:07:11,890 - INFO - test_verify_Credkart_url_001 - 66 - Testcase test_verify_Credkart_url_001 is started
2026-01-31 23:07:11,890 - INFO - test_verify_Credkart_url_001 - 66 - Testcase test_verify_Credkart_url_001 is started
2026-01-31 23:07:12,175 - INFO - test_Credkart_login_excel_ddt_004 - 34 - Testcase test_Credkart_login_excel_ddt_004 is started
2026-01-31 23:07:12,175 - INFO - test_Credkart_login_excel_ddt_004 - 34 - Testcase test_Credkart_login_excel_ddt_004 is started
2026-01-31 23:07:12,216 - INFO - test_Credkart_registration_003 - 174 - Testcase test_Credkart_registration_003 is started
2026-01-31 23:07:12,216 - INFO - test_Credkart_registration_003 - 174 - Testcase test_Credkart_registration_003 is started
2026-01-31 23:07:12,241 - INFO - test_Credkart_login_excel_ddt_004 - 36 - Reading data from excel
2026-01-31 23:07:12,241 - INFO - test_Credkart_login_excel_ddt_004 - 36 - Reading data from excel
2026-01-31 23:07:12,532 - INFO - test_Credkart_login_excel_ddt_004 - 38 - Number of rows in excel is 5
2026-01-31 23:07:12,532 - INFO - test_Credkart_login_excel_ddt_004 - 38 - Number of rows in excel is 5
2026-01-31 23:07:12,784 - INFO - test_Credkart_login_002 - 97 - Testcase test_Credkart_login_002 is started
2026-01-31 23:07:12,784 - INFO - test_Credkart_login_002 - 97 - Testcase test_Credkart_login_002 is started
2026-01-31 23:07:17,861 - INFO - test_Credkart_login_excel_ddt_004 - 43 - Opening browser and getting https://automation.credence.in/login
2026-01-31 23:07:17,861 - INFO - test_Credkart_login_excel_ddt_004 - 43 - Opening browser and getting https://automation.credence.in/login
2026-01-31 23:07:17,954 - INFO - test_Credkart_login_002 - 99 - Opening browser and getting https://automation.credence.in/login
2026-01-31 23:07:17,954 - INFO - test_Credkart_login_002 - 99 - Opening browser and getting https://automation.credence.in/login
2026-01-31 23:07:17,954 - INFO - test_Credkart_login_002 - 108 - Entering the Email Credencetest@test.com
2026-01-31 23:07:17,954 - INFO - test_Credkart_login_002 - 108 - Entering the Email Credencetest@test.com
2026-01-31 23:07:17,957 - INFO - test_Credkart_registration_003 - 176 - Opening browser and getting https://automation.credence.in/register
2026-01-31 23:07:17,957 - INFO - test_Credkart_registration_003 - 176 - Opening browser and getting https://automation.credence.in/register
2026-01-31 23:07:17,965 - INFO - test_Credkart_registration_003 - 179 - Generated fake data for username--> andersonchristopher and email --> john57@example.org
2026-01-31 23:07:17,965 - INFO - test_Credkart_registration_003 - 179 - Generated fake data for username--> andersonchristopher and email --> john57@example.org
2026-01-31 23:07:17,966 - INFO - test_Credkart_registration_003 - 183 - Entering the Username--> andersonchristopher
2026-01-31 23:07:17,966 - INFO - test_Credkart_registration_003 - 183 - Entering the Username--> andersonchristopher
2026-01-31 23:07:18,006 - INFO - test_Credkart_login_excel_ddt_004 - 48 - Entering the Email Credencetest@test.com
2026-01-31 23:07:18,006 - INFO - test_Credkart_login_excel_ddt_004 - 48 - Entering the Email Credencetest@test.com
2026-01-31 23:07:18,135 - INFO - test_Credkart_registration_003 - 186 - Entering the Email--> john57@example.org
2026-01-31 23:07:18,135 - INFO - test_Credkart_registration_003 - 186 - Entering the Email--> john57@example.org
2026-01-31 23:07:18,243 - INFO - test_Credkart_login_002 - 115 - Entering the password
2026-01-31 23:07:18,243 - INFO - test_Credkart_login_002 - 115 - Entering the password
2026-01-31 23:07:18,272 - INFO - test_Credkart_login_excel_ddt_004 - 50 - Entering the password
2026-01-31 23:07:18,272 - INFO - test_Credkart_login_excel_ddt_004 - 50 - Entering the password
2026-01-31 23:07:18,406 - INFO - test_Credkart_login_002 - 121 - Clicking on login button
2026-01-31 23:07:18,406 - INFO - test_Credkart_login_002 - 121 - Clicking on login button
2026-01-31 23:07:18,474 - INFO - test_Credkart_login_excel_ddt_004 - 52 - Clicking on login button
2026-01-31 23:07:18,474 - INFO - test_Credkart_login_excel_ddt_004 - 52 - Clicking on login button
2026-01-31 23:07:18,514 - INFO - test_Credkart_registration_003 - 189 - Entering the Password
2026-01-31 23:07:18,514 - INFO - test_Credkart_registration_003 - 189 - Entering the Password
2026-01-31 23:07:18,693 - INFO - test_Credkart_registration_003 - 192 - Entering the Confirm Password
2026-01-31 23:07:18,693 - INFO - test_Credkart_registration_003 - 192 - Entering the Confirm Password
2026-01-31 23:07:18,863 - INFO - test_Credkart_registration_003 - 195 - Clicking on register button
2026-01-31 23:07:18,863 - INFO - test_Credkart_registration_003 - 195 - Clicking on register button
2026-01-31 23:07:19,817 - INFO - test_Credkart_login_002 - 141 - Checking the login status
2026-01-31 23:07:19,817 - INFO - test_Credkart_login_002 - 141 - Checking the login status
2026-01-31 23:07:19,865 - INFO - test_verify_Credkart_url_001 - 68 - Opening browser and getting https://automation.credence.in/login
2026-01-31 23:07:19,865 - INFO - test_verify_Credkart_url_001 - 68 - Opening browser and getting https://automation.credence.in/login
2026-01-31 23:07:19,865 - INFO - test_verify_Credkart_url_001 - 69 - Checking driver title
2026-01-31 23:07:19,865 - INFO - test_verify_Credkart_url_001 - 69 - Checking driver title
2026-01-31 23:07:19,872 - INFO - test_verify_Credkart_url_001 - 71 - Testcase test_verify_Credkart_url_001 is passed
2026-01-31 23:07:19,872 - INFO - test_verify_Credkart_url_001 - 71 - Testcase test_verify_Credkart_url_001 is passed
2026-01-31 23:07:19,873 - INFO - test_verify_Credkart_url_001 - 72 - Taking screenshot
2026-01-31 23:07:19,873 - INFO - test_verify_Credkart_url_001 - 72 - Taking screenshot
2026-01-31 23:07:19,875 - INFO - test_Credkart_login_002 - 143 - User login successful and taking screenshot
2026-01-31 23:07:19,875 - INFO - test_Credkart_login_002 - 143 - User login successful and taking screenshot
2026-01-31 23:07:20,099 - INFO - test_verify_Credkart_url_001 - 83 - Testcase test_verify_Credkart_url_001 is completed
2026-01-31 23:07:20,099 - INFO - test_verify_Credkart_url_001 - 83 - Testcase test_verify_Credkart_url_001 is completed
2026-01-31 23:07:20,181 - INFO - test_Credkart_login_002 - 148 - Clicking on menu button
2026-01-31 23:07:20,181 - INFO - test_Credkart_login_002 - 148 - Clicking on menu button
2026-01-31 23:07:20,190 - INFO - test_Credkart_login_excel_ddt_004 - 54 - Checking the login status
2026-01-31 23:07:20,190 - INFO - test_Credkart_login_excel_ddt_004 - 54 - Checking the login status
2026-01-31 23:07:20,239 - INFO - test_Credkart_registration_003 - 199 - User registration successful and taking screenshot
2026-01-31 23:07:20,239 - INFO - test_Credkart_registration_003 - 199 - User registration successful and taking screenshot
2026-01-31 23:07:20,260 - INFO - test_Credkart_login_excel_ddt_004 - 56 - User login successful and taking screenshot
2026-01-31 23:07:20,260 - INFO - test_Credkart_login_excel_ddt_004 - 56 - User login successful and taking screenshot
2026-01-31 23:07:20,386 - INFO - test_Credkart_login_002 - 150 - Clicking on logout button
2026-01-31 23:07:20,386 - INFO - test_Credkart_login_002 - 150 - Clicking on logout button
2026-01-31 23:07:20,404 - INFO - test_Credkart_registration_003 - 204 - Clicking on menu button
2026-01-31 23:07:20,404 - INFO - test_Credkart_registration_003 - 204 - Clicking on menu button
2026-01-31 23:07:20,435 - INFO - test_Credkart_login_excel_ddt_004 - 61 - Clicking on menu button
2026-01-31 23:07:20,435 - INFO - test_Credkart_login_excel_ddt_004 - 61 - Clicking on menu button
2026-01-31 23:07:20,534 - INFO - test_Credkart_registration_003 - 206 - Clicking on logout button
2026-01-31 23:07:20,534 - INFO - test_Credkart_registration_003 - 206 - Clicking on logout button
2026-01-31 23:07:20,589 - INFO - test_Credkart_login_excel_ddt_004 - 63 - Clicking on logout button
2026-01-31 23:07:20,589 - INFO - test_Credkart_login_excel_ddt_004 - 63 - Clicking on logout button
2026-01-31 23:07:20,967 - INFO - test_Credkart_login_002 - 159 - Testcase test_Credkart_login_002 is completed
2026-01-31 23:07:20,967 - INFO - test_Credkart_login_002 - 159 - Testcase test_Credkart_login_002 is completed
2026-01-31 23:07:21,118 - INFO - test_Credkart_registration_003 - 215 - Testcase test_Credkart_registration_003 is completed
2026-01-31 23:07:21,118 - INFO - test_Credkart_registration_003 - 215 - Testcase test_Credkart_registration_003 is completed
2026-01-31 23:07:21,452 - INFO - test_Credkart_login_excel_ddt_004 - 43 - Opening browser and getting https://automation.credence.in/login
2026-01-31 23:07:21,452 - INFO - test_Credkart_login_excel_ddt_004 - 43 - Opening browser and getting https://automation.credence.in/login
2026-01-31 23:07:21,477 - INFO - test_Credkart_login_excel_ddt_004 - 48 - Entering the Email Credencetest@test.com11
2026-01-31 23:07:21,477 - INFO - test_Credkart_login_excel_ddt_004 - 48 - Entering the Email Credencetest@test.com11
2026-01-31 23:07:21,618 - INFO - test_Credkart_login_excel_ddt_004 - 50 - Entering the password
2026-01-31 23:07:21,618 - INFO - test_Credkart_login_excel_ddt_004 - 50 - Entering the password
2026-01-31 23:07:21,687 - INFO - test_Credkart_login_excel_ddt_004 - 52 - Clicking on login button
2026-01-31 23:07:21,687 - INFO - test_Credkart_login_excel_ddt_004 - 52 - Clicking on login button
2026-01-31 23:07:21,793 - INFO - test_Credkart_login_excel_ddt_004 - 54 - Checking the login status
2026-01-31 23:07:21,793 - INFO - test_Credkart_login_excel_ddt_004 - 54 - Checking the login status
2026-01-31 23:07:27,110 - INFO - test_Credkart_login_excel_ddt_004 - 68 - User login fail and taking screenshot
2026-01-31 23:07:27,110 - INFO - test_Credkart_login_excel_ddt_004 - 68 - User login fail and taking screenshot
2026-01-31 23:07:27,844 - INFO - test_Credkart_login_excel_ddt_004 - 43 - Opening browser and getting https://automation.credence.in/login
2026-01-31 23:07:27,844 - INFO - test_Credkart_login_excel_ddt_004 - 43 - Opening browser and getting https://automation.credence.in/login
2026-01-31 23:07:27,887 - INFO - test_Credkart_login_excel_ddt_004 - 48 - Entering the Email Credencetest@test.com
2026-01-31 23:07:27,887 - INFO - test_Credkart_login_excel_ddt_004 - 48 - Entering the Email Credencetest@test.com
2026-01-31 23:07:28,148 - INFO - test_Credkart_login_excel_ddt_004 - 50 - Entering the password
2026-01-31 23:07:28,148 - INFO - test_Credkart_login_excel_ddt_004 - 50 - Entering the password
2026-01-31 23:07:28,321 - INFO - test_Credkart_login_excel_ddt_004 - 52 - Clicking on login button
2026-01-31 23:07:28,321 - INFO - test_Credkart_login_excel_ddt_004 - 52 - Clicking on login button
2026-01-31 23:07:28,885 - INFO - test_Credkart_login_excel_ddt_004 - 54 - Checking the login status
2026-01-31 23:07:28,885 - INFO - test_Credkart_login_excel_ddt_004 - 54 - Checking the login status
2026-01-31 23:07:33,961 - INFO - test_Credkart_login_excel_ddt_004 - 68 - User login fail and taking screenshot
2026-01-31 23:07:33,961 - INFO - test_Credkart_login_excel_ddt_004 - 68 - User login fail and taking screenshot
2026-01-31 23:07:34,221 - INFO - test_Credkart_login_excel_ddt_004 - 43 - Opening browser and getting https://automation.credence.in/login
2026-01-31 23:07:34,221 - INFO - test_Credkart_login_excel_ddt_004 - 43 - Opening browser and getting https://automation.credence.in/login
2026-01-31 23:07:34,247 - INFO - test_Credkart_login_excel_ddt_004 - 48 - Entering the Email Credencetest@test.com11
2026-01-31 23:07:34,247 - INFO - test_Credkart_login_excel_ddt_004 - 48 - Entering the Email Credencetest@test.com11
2026-01-31 23:07:34,345 - INFO - test_Credkart_login_excel_ddt_004 - 50 - Entering the password
2026-01-31 23:07:34,345 - INFO - test_Credkart_login_excel_ddt_004 - 50 - Entering the password
2026-01-31 23:07:34,408 - INFO - test_Credkart_login_excel_ddt_004 - 52 - Clicking on login button
2026-01-31 23:07:34,408 - INFO - test_Credkart_login_excel_ddt_004 - 52 - Clicking on login button
2026-01-31 23:07:34,462 - INFO - test_Credkart_login_excel_ddt_004 - 54 - Checking the login status
2026-01-31 23:07:34,462 - INFO - test_Credkart_login_excel_ddt_004 - 54 - Checking the login status
2026-01-31 23:07:39,819 - INFO - test_Credkart_login_excel_ddt_004 - 68 - User login fail and taking screenshot
2026-01-31 23:07:39,819 - INFO - test_Credkart_login_excel_ddt_004 - 68 - User login fail and taking screenshot
2026-01-31 23:07:39,934 - INFO - test_Credkart_login_excel_ddt_004 - 86 - All the testcases are passed
2026-01-31 23:07:39,934 - INFO - test_Credkart_login_excel_ddt_004 - 86 - All the testcases are passed
2026-01-31 23:07:39,934 - INFO - test_Credkart_login_excel_ddt_004 - 91 - Testcase test_Credkart_login_excel_ddt_004 is completed
2026-01-31 23:07:39,934 - INFO - test_Credkart_login_excel_ddt_004 - 91 - Testcase test_Credkart_login_excel_ddt_004 is completed
2026-01-31 23:11:14,201 - INFO - test_Credkart_registration_003 - 174 - Testcase test_Credkart_registration_003 is started
2026-01-31 23:11:14,201 - INFO - test_Credkart_registration_003 - 174 - Testcase test_Credkart_registration_003 is started
2026-01-31 23:11:14,554 - INFO - test_Credkart_login_002 - 97 - Testcase test_Credkart_login_002 is started
2026-01-31 23:11:14,554 - INFO - test_Credkart_login_002 - 97 - Testcase test_Credkart_login_002 is started
2026-01-31 23:11:15,594 - INFO - test_verify_Credkart_url_001 - 66 - Testcase test_verify_Credkart_url_001 is started
2026-01-31 23:11:15,594 - INFO - test_verify_Credkart_url_001 - 66 - Testcase test_verify_Credkart_url_001 is started
2026-01-31 23:11:16,132 - INFO - test_Credkart_login_excel_ddt_004 - 34 - Testcase test_Credkart_login_excel_ddt_004 is started
2026-01-31 23:11:16,132 - INFO - test_Credkart_login_excel_ddt_004 - 34 - Testcase test_Credkart_login_excel_ddt_004 is started
2026-01-31 23:11:16,133 - INFO - test_Credkart_login_excel_ddt_004 - 36 - Reading data from excel
2026-01-31 23:11:16,133 - INFO - test_Credkart_login_excel_ddt_004 - 36 - Reading data from excel
2026-01-31 23:11:16,205 - INFO - test_Credkart_login_excel_ddt_004 - 38 - Number of rows in excel is 5
2026-01-31 23:11:16,205 - INFO - test_Credkart_login_excel_ddt_004 - 38 - Number of rows in excel is 5
2026-01-31 23:11:24,391 - INFO - test_Credkart_registration_003 - 176 - Opening browser and getting https://automation.credence.in/register
2026-01-31 23:11:24,391 - INFO - test_Credkart_registration_003 - 176 - Opening browser and getting https://automation.credence.in/register
2026-01-31 23:11:24,410 - INFO - test_Credkart_registration_003 - 179 - Generated fake data for username--> jenkinsadrian and email --> hjones@example.org
2026-01-31 23:11:24,410 - INFO - test_Credkart_registration_003 - 179 - Generated fake data for username--> jenkinsadrian and email --> hjones@example.org
2026-01-31 23:11:24,443 - INFO - test_Credkart_registration_003 - 183 - Entering the Username--> jenkinsadrian
2026-01-31 23:11:24,443 - INFO - test_Credkart_registration_003 - 183 - Entering the Username--> jenkinsadrian
2026-01-31 23:11:24,457 - INFO - test_Credkart_login_002 - 99 - Opening browser and getting https://automation.credence.in/login
2026-01-31 23:11:24,457 - INFO - test_Credkart_login_002 - 99 - Opening browser and getting https://automation.credence.in/login
2026-01-31 23:11:24,457 - INFO - test_Credkart_login_002 - 108 - Entering the Email Credencetest@test.com
2026-01-31 23:11:24,457 - INFO - test_Credkart_login_002 - 108 - Entering the Email Credencetest@test.com
2026-01-31 23:11:24,673 - INFO - test_verify_Credkart_url_001 - 68 - Opening browser and getting https://automation.credence.in/login
2026-01-31 23:11:24,673 - INFO - test_verify_Credkart_url_001 - 68 - Opening browser and getting https://automation.credence.in/login
2026-01-31 23:11:24,673 - INFO - test_verify_Credkart_url_001 - 69 - Checking driver title
2026-01-31 23:11:24,673 - INFO - test_verify_Credkart_url_001 - 69 - Checking driver title
2026-01-31 23:11:24,738 - INFO - test_verify_Credkart_url_001 - 71 - Testcase test_verify_Credkart_url_001 is passed
2026-01-31 23:11:24,738 - INFO - test_verify_Credkart_url_001 - 71 - Testcase test_verify_Credkart_url_001 is passed
2026-01-31 23:11:24,738 - INFO - test_verify_Credkart_url_001 - 72 - Taking screenshot
2026-01-31 23:11:24,738 - INFO - test_verify_Credkart_url_001 - 72 - Taking screenshot
2026-01-31 23:11:24,942 - INFO - test_verify_Credkart_url_001 - 83 - Testcase test_verify_Credkart_url_001 is completed
2026-01-31 23:11:24,942 - INFO - test_verify_Credkart_url_001 - 83 - Testcase test_verify_Credkart_url_001 is completed
2026-01-31 23:11:25,127 - INFO - test_Credkart_registration_003 - 186 - Entering the Email--> hjones@example.org
2026-01-31 23:11:25,127 - INFO - test_Credkart_registration_003 - 186 - Entering the Email--> hjones@example.org
2026-01-31 23:11:25,347 - INFO - test_Credkart_login_002 - 115 - Entering the password
2026-01-31 23:11:25,347 - INFO - test_Credkart_login_002 - 115 - Entering the password
2026-01-31 23:11:25,424 - INFO - test_Credkart_login_excel_ddt_004 - 43 - Opening browser and getting https://automation.credence.in/login
2026-01-31 23:11:25,424 - INFO - test_Credkart_login_excel_ddt_004 - 43 - Opening browser and getting https://automation.credence.in/login
2026-01-31 23:11:25,484 - INFO - test_Credkart_login_excel_ddt_004 - 48 - Entering the Email Credencetest@test.com
2026-01-31 23:11:25,484 - INFO - test_Credkart_login_excel_ddt_004 - 48 - Entering the Email Credencetest@test.com
2026-01-31 23:11:25,976 - INFO - test_Credkart_registration_003 - 189 - Entering the Password
2026-01-31 23:11:25,976 - INFO - test_Credkart_registration_003 - 189 - Entering the Password
2026-01-31 23:11:25,979 - INFO - test_Credkart_login_002 - 121 - Clicking on login button
2026-01-31 23:11:25,979 - INFO - test_Credkart_login_002 - 121 - Clicking on login button
2026-01-31 23:11:26,318 - INFO - test_Credkart_login_excel_ddt_004 - 50 - Entering the password
2026-01-31 23:11:26,318 - INFO - test_Credkart_login_excel_ddt_004 - 50 - Entering the password
2026-01-31 23:11:26,492 - INFO - test_Credkart_registration_003 - 192 - Entering the Confirm Password
2026-01-31 23:11:26,492 - INFO - test_Credkart_registration_003 - 192 - Entering the Confirm Password
2026-01-31 23:11:26,630 - INFO - test_Credkart_login_excel_ddt_004 - 52 - Clicking on login button
2026-01-31 23:11:26,630 - INFO - test_Credkart_login_excel_ddt_004 - 52 - Clicking on login button
2026-01-31 23:11:26,787 - INFO - test_Credkart_registration_003 - 195 - Clicking on register button
2026-01-31 23:11:26,787 - INFO - test_Credkart_registration_003 - 195 - Clicking on register button
2026-01-31 23:11:28,023 - INFO - test_Credkart_login_excel_ddt_004 - 54 - Checking the login status
2026-01-31 23:11:28,023 - INFO - test_Credkart_login_excel_ddt_004 - 54 - Checking the login status
2026-01-31 23:11:28,096 - INFO - test_Credkart_login_excel_ddt_004 - 56 - User login successful and taking screenshot
2026-01-31 23:11:28,096 - INFO - test_Credkart_login_excel_ddt_004 - 56 - User login successful and taking screenshot
2026-01-31 23:11:28,278 - INFO - test_Credkart_login_excel_ddt_004 - 61 - Clicking on menu button
2026-01-31 23:11:28,278 - INFO - test_Credkart_login_excel_ddt_004 - 61 - Clicking on menu button
2026-01-31 23:11:28,389 - INFO - test_Credkart_login_002 - 141 - Checking the login status
2026-01-31 23:11:28,389 - INFO - test_Credkart_login_002 - 141 - Checking the login status
2026-01-31 23:11:28,455 - INFO - test_Credkart_registration_003 - 199 - User registration successful and taking screenshot
2026-01-31 23:11:28,455 - INFO - test_Credkart_registration_003 - 199 - User registration successful and taking screenshot
2026-01-31 23:11:28,462 - INFO - test_Credkart_login_002 - 143 - User login successful and taking screenshot
2026-01-31 23:11:28,462 - INFO - test_Credkart_login_002 - 143 - User login successful and taking screenshot
2026-01-31 23:11:28,564 - INFO - test_Credkart_login_excel_ddt_004 - 63 - Clicking on logout button
2026-01-31 23:11:28,564 - INFO - test_Credkart_login_excel_ddt_004 - 63 - Clicking on logout button
2026-01-31 23:11:28,647 - INFO - test_Credkart_registration_003 - 204 - Clicking on menu button
2026-01-31 23:11:28,647 - INFO - test_Credkart_registration_003 - 204 - Clicking on menu button
2026-01-31 23:11:28,667 - INFO - test_Credkart_login_002 - 148 - Clicking on menu button
2026-01-31 23:11:28,667 - INFO - test_Credkart_login_002 - 148 - Clicking on menu button
2026-01-31 23:11:28,912 - INFO - test_Credkart_registration_003 - 206 - Clicking on logout button
2026-01-31 23:11:28,912 - INFO - test_Credkart_registration_003 - 206 - Clicking on logout button
2026-01-31 23:11:28,916 - INFO - test_Credkart_login_002 - 150 - Clicking on logout button
2026-01-31 23:11:28,916 - INFO - test_Credkart_login_002 - 150 - Clicking on logout button
2026-01-31 23:11:29,114 - INFO - test_Credkart_registration_003 - 215 - Testcase test_Credkart_registration_003 is completed
2026-01-31 23:11:29,114 - INFO - test_Credkart_registration_003 - 215 - Testcase test_Credkart_registration_003 is completed
2026-01-31 23:11:29,533 - INFO - test_Credkart_login_excel_ddt_004 - 43 - Opening browser and getting https://automation.credence.in/login
2026-01-31 23:11:29,533 - INFO - test_Credkart_login_excel_ddt_004 - 43 - Opening browser and getting https://automation.credence.in/login
2026-01-31 23:11:29,579 - INFO - test_Credkart_login_excel_ddt_004 - 48 - Entering the Email Credencetest@test.com11
2026-01-31 23:11:29,579 - INFO - test_Credkart_login_excel_ddt_004 - 48 - Entering the Email Credencetest@test.com11
2026-01-31 23:11:29,833 - INFO - test_Credkart_login_excel_ddt_004 - 50 - Entering the password
2026-01-31 23:11:29,833 - INFO - test_Credkart_login_excel_ddt_004 - 50 - Entering the password
2026-01-31 23:11:29,840 - INFO - test_Credkart_login_002 - 159 - Testcase test_Credkart_login_002 is completed
2026-01-31 23:11:29,840 - INFO - test_Credkart_login_002 - 159 - Testcase test_Credkart_login_002 is completed
2026-01-31 23:11:29,963 - INFO - test_Credkart_login_excel_ddt_004 - 52 - Clicking on login button
2026-01-31 23:11:29,963 - INFO - test_Credkart_login_excel_ddt_004 - 52 - Clicking on login button
2026-01-31 23:11:30,444 - INFO - test_Credkart_login_excel_ddt_004 - 54 - Checking the login status
2026-01-31 23:11:30,444 - INFO - test_Credkart_login_excel_ddt_004 - 54 - Checking the login status
2026-01-31 23:11:35,526 - INFO - test_Credkart_login_excel_ddt_004 - 68 - User login fail and taking screenshot
2026-01-31 23:11:35,526 - INFO - test_Credkart_login_excel_ddt_004 - 68 - User login fail and taking screenshot
2026-01-31 23:11:36,155 - INFO - test_Credkart_login_excel_ddt_004 - 43 - Opening browser and getting https://automation.credence.in/login
2026-01-31 23:11:36,155 - INFO - test_Credkart_login_excel_ddt_004 - 43 - Opening browser and getting https://automation.credence.in/login
2026-01-31 23:11:36,223 - INFO - test_Credkart_login_excel_ddt_004 - 48 - Entering the Email Credencetest@test.com
2026-01-31 23:11:36,223 - INFO - test_Credkart_login_excel_ddt_004 - 48 - Entering the Email Credencetest@test.com
2026-01-31 23:11:36,772 - INFO - test_Credkart_login_excel_ddt_004 - 50 - Entering the password
2026-01-31 23:11:36,772 - INFO - test_Credkart_login_excel_ddt_004 - 50 - Entering the password
2026-01-31 23:11:37,089 - INFO - test_Credkart_login_excel_ddt_004 - 52 - Clicking on login button
2026-01-31 23:11:37,089 - INFO - test_Credkart_login_excel_ddt_004 - 52 - Clicking on login button
2026-01-31 23:11:38,122 - INFO - test_Credkart_login_excel_ddt_004 - 54 - Checking the login status
2026-01-31 23:11:38,122 - INFO - test_Credkart_login_excel_ddt_004 - 54 - Checking the login status
2026-01-31 23:11:43,215 - INFO - test_Credkart_login_excel_ddt_004 - 68 - User login fail and taking screenshot
2026-01-31 23:11:43,215 - INFO - test_Credkart_login_excel_ddt_004 - 68 - User login fail and taking screenshot
2026-01-31 23:11:43,533 - INFO - test_Credkart_login_excel_ddt_004 - 43 - Opening browser and getting https://automation.credence.in/login
2026-01-31 23:11:43,533 - INFO - test_Credkart_login_excel_ddt_004 - 43 - Opening browser and getting https://automation.credence.in/login
2026-01-31 23:11:43,576 - INFO - test_Credkart_login_excel_ddt_004 - 48 - Entering the Email Credencetest@test.com11
2026-01-31 23:11:43,576 - INFO - test_Credkart_login_excel_ddt_004 - 48 - Entering the Email Credencetest@test.com11
2026-01-31 23:11:43,699 - INFO - test_Credkart_login_excel_ddt_004 - 50 - Entering the password
2026-01-31 23:11:43,699 - INFO - test_Credkart_login_excel_ddt_004 - 50 - Entering the password
2026-01-31 23:11:43,797 - INFO - test_Credkart_login_excel_ddt_004 - 52 - Clicking on login button
2026-01-31 23:11:43,797 - INFO - test_Credkart_login_excel_ddt_004 - 52 - Clicking on login button
2026-01-31 23:11:44,208 - INFO - test_Credkart_login_excel_ddt_004 - 54 - Checking the login status
2026-01-31 23:11:44,208 - INFO - test_Credkart_login_excel_ddt_004 - 54 - Checking the login status
2026-01-31 23:11:50,082 - INFO - test_Credkart_login_excel_ddt_004 - 68 - User login fail and taking screenshot
2026-01-31 23:11:50,082 - INFO - test_Credkart_login_excel_ddt_004 - 68 - User login fail and taking screenshot
2026-01-31 23:11:50,332 - INFO - test_Credkart_login_excel_ddt_004 - 86 - All the testcases are passed
2026-01-31 23:11:50,332 - INFO - test_Credkart_login_excel_ddt_004 - 86 - All the testcases are passed
2026-01-31 23:11:50,333 - INFO - test_Credkart_login_excel_ddt_004 - 91 - Testcase test_Credkart_login_excel_ddt_004 is completed
2026-01-31 23:11:50,333 - INFO - test_Credkart_login_excel_ddt_004 - 91 - Testcase test_Credkart_login_excel_ddt_004 is completed
2026-01-31 23:21:58,702 - INFO - test_Credkart_login_002 - 97 - Testcase test_Credkart_login_002 is started
2026-01-31 23:21:58,702 - INFO - test_Credkart_login_002 - 97 - Testcase test_Credkart_login_002 is started
2026-01-31 23:21:58,774 - INFO - test_Credkart_login_excel_ddt_004 - 34 - Testcase test_Credkart_login_excel_ddt_004 is started
2026-01-31 23:21:58,774 - INFO - test_Credkart_login_excel_ddt_004 - 34 - Testcase test_Credkart_login_excel_ddt_004 is started
2026-01-31 23:21:58,777 - INFO - test_Credkart_login_excel_ddt_004 - 36 - Reading data from excel
2026-01-31 23:21:58,777 - INFO - test_Credkart_login_excel_ddt_004 - 36 - Reading data from excel
2026-01-31 23:21:58,933 - INFO - test_Credkart_login_excel_ddt_004 - 38 - Number of rows in excel is 5
2026-01-31 23:21:58,933 - INFO - test_Credkart_login_excel_ddt_004 - 38 - Number of rows in excel is 5
2026-01-31 23:22:00,327 - INFO - test_verify_Credkart_url_001 - 66 - Testcase test_verify_Credkart_url_001 is started
2026-01-31 23:22:00,327 - INFO - test_verify_Credkart_url_001 - 66 - Testcase test_verify_Credkart_url_001 is started
2026-01-31 23:22:05,047 - INFO - test_Credkart_login_excel_ddt_004 - 43 - Opening browser and getting https://automation.credence.in/login
2026-01-31 23:22:05,047 - INFO - test_Credkart_login_excel_ddt_004 - 43 - Opening browser and getting https://automation.credence.in/login
2026-01-31 23:22:05,051 - INFO - test_verify_Credkart_url_001 - 68 - Opening browser and getting https://automation.credence.in/login
2026-01-31 23:22:05,051 - INFO - test_verify_Credkart_url_001 - 68 - Opening browser and getting https://automation.credence.in/login
2026-01-31 23:22:05,051 - INFO - test_verify_Credkart_url_001 - 69 - Checking driver title
2026-01-31 23:22:05,051 - INFO - test_verify_Credkart_url_001 - 69 - Checking driver title
2026-01-31 23:22:05,063 - INFO - test_Credkart_login_002 - 99 - Opening browser and getting https://automation.credence.in/login
2026-01-31 23:22:05,063 - INFO - test_Credkart_login_002 - 99 - Opening browser and getting https://automation.credence.in/login
2026-01-31 23:22:05,063 - INFO - test_Credkart_login_002 - 108 - Entering the Email Credencetest@test.com
2026-01-31 23:22:05,063 - INFO - test_Credkart_login_002 - 108 - Entering the Email Credencetest@test.com
2026-01-31 23:22:05,122 - INFO - test_Credkart_login_excel_ddt_004 - 48 - Entering the Email Credencetest@test.com
2026-01-31 23:22:05,122 - INFO - test_Credkart_login_excel_ddt_004 - 48 - Entering the Email Credencetest@test.com
2026-01-31 23:22:05,123 - INFO - test_verify_Credkart_url_001 - 71 - Testcase test_verify_Credkart_url_001 is passed
2026-01-31 23:22:05,123 - INFO - test_verify_Credkart_url_001 - 71 - Testcase test_verify_Credkart_url_001 is passed
2026-01-31 23:22:05,123 - INFO - test_verify_Credkart_url_001 - 72 - Taking screenshot
2026-01-31 23:22:05,123 - INFO - test_verify_Credkart_url_001 - 72 - Taking screenshot
2026-01-31 23:22:05,244 - INFO - test_verify_Credkart_url_001 - 83 - Testcase test_verify_Credkart_url_001 is completed
2026-01-31 23:22:05,244 - INFO - test_verify_Credkart_url_001 - 83 - Testcase test_verify_Credkart_url_001 is completed
2026-01-31 23:22:05,617 - INFO - test_Credkart_login_002 - 115 - Entering the password
2026-01-31 23:22:05,617 - INFO - test_Credkart_login_002 - 115 - Entering the password
2026-01-31 23:22:05,642 - INFO - test_Credkart_login_excel_ddt_004 - 50 - Entering the password
2026-01-31 23:22:05,642 - INFO - test_Credkart_login_excel_ddt_004 - 50 - Entering the password
2026-01-31 23:22:05,833 - INFO - test_Credkart_login_002 - 121 - Clicking on login button
2026-01-31 23:22:05,833 - INFO - test_Credkart_login_002 - 121 - Clicking on login button
2026-01-31 23:22:05,926 - INFO - test_Credkart_login_excel_ddt_004 - 52 - Clicking on login button
2026-01-31 23:22:05,926 - INFO - test_Credkart_login_excel_ddt_004 - 52 - Clicking on login button
2026-01-31 23:22:06,088 - INFO - test_Credkart_login_excel_ddt_004 - 54 - Checking the login status
2026-01-31 23:22:06,088 - INFO - test_Credkart_login_excel_ddt_004 - 54 - Checking the login status
2026-01-31 23:22:06,332 - INFO - test_Credkart_registration_003 - 174 - Testcase test_Credkart_registration_003 is started
2026-01-31 23:22:06,332 - INFO - test_Credkart_registration_003 - 174 - Testcase test_Credkart_registration_003 is started
2026-01-31 23:22:07,268 - INFO - test_Credkart_registration_003 - 176 - Opening browser and getting https://automation.credence.in/register
2026-01-31 23:22:07,268 - INFO - test_Credkart_registration_003 - 176 - Opening browser and getting https://automation.credence.in/register
2026-01-31 23:22:07,284 - INFO - test_Credkart_registration_003 - 179 - Generated fake data for username--> zcarson and email --> maynardshannon@example.org
2026-01-31 23:22:07,284 - INFO - test_Credkart_registration_003 - 179 - Generated fake data for username--> zcarson and email --> maynardshannon@example.org
2026-01-31 23:22:07,293 - INFO - test_Credkart_registration_003 - 183 - Entering the Username--> zcarson
2026-01-31 23:22:07,293 - INFO - test_Credkart_registration_003 - 183 - Entering the Username--> zcarson
2026-01-31 23:22:07,307 - INFO - test_Credkart_login_002 - 141 - Checking the login status
2026-01-31 23:22:07,307 - INFO - test_Credkart_login_002 - 141 - Checking the login status
2026-01-31 23:22:07,448 - INFO - test_Credkart_login_002 - 143 - User login successful and taking screenshot
2026-01-31 23:22:07,448 - INFO - test_Credkart_login_002 - 143 - User login successful and taking screenshot
2026-01-31 23:22:07,468 - INFO - test_Credkart_login_excel_ddt_004 - 56 - User login successful and taking screenshot
2026-01-31 23:22:07,468 - INFO - test_Credkart_login_excel_ddt_004 - 56 - User login successful and taking screenshot
2026-01-31 23:22:07,529 - INFO - test_Credkart_registration_003 - 186 - Entering the Email--> maynardshannon@example.org
2026-01-31 23:22:07,529 - INFO - test_Credkart_registration_003 - 186 - Entering the Email--> maynardshannon@example.org
2026-01-31 23:22:07,697 - INFO - test_Credkart_login_002 - 148 - Clicking on menu button
2026-01-31 23:22:07,697 - INFO - test_Credkart_login_002 - 148 - Clicking on menu button
2026-01-31 23:22:07,703 - INFO - test_Credkart_login_excel_ddt_004 - 61 - Clicking on menu button
2026-01-31 23:22:07,703 - INFO - test_Credkart_login_excel_ddt_004 - 61 - Clicking on menu button
2026-01-31 23:22:07,858 - INFO - test_Credkart_registration_003 - 189 - Entering the Password
2026-01-31 23:22:07,858 - INFO - test_Credkart_registration_003 - 189 - Entering the Password
2026-01-31 23:22:08,608 - INFO - test_Credkart_login_002 - 150 - Clicking on logout button
2026-01-31 23:22:08,608 - INFO - test_Credkart_login_002 - 150 - Clicking on logout button
2026-01-31 23:22:08,755 - INFO - test_Credkart_login_excel_ddt_004 - 63 - Clicking on logout button
2026-01-31 23:22:08,755 - INFO - test_Credkart_login_excel_ddt_004 - 63 - Clicking on logout button
2026-01-31 23:22:09,636 - INFO - test_Credkart_registration_003 - 192 - Entering the Confirm Password
2026-01-31 23:22:09,636 - INFO - test_Credkart_registration_003 - 192 - Entering the Confirm Password
2026-01-31 23:22:09,836 - INFO - test_Credkart_login_002 - 159 - Testcase test_Credkart_login_002 is completed
2026-01-31 23:22:09,836 - INFO - test_Credkart_login_002 - 159 - Testcase test_Credkart_login_002 is completed
2026-01-31 23:22:10,038 - INFO - test_Credkart_registration_003 - 195 - Clicking on register button
2026-01-31 23:22:10,038 - INFO - test_Credkart_registration_003 - 195 - Clicking on register button
2026-01-31 23:22:10,821 - INFO - test_Credkart_login_excel_ddt_004 - 43 - Opening browser and getting https://automation.credence.in/login
2026-01-31 23:22:10,821 - INFO - test_Credkart_login_excel_ddt_004 - 43 - Opening browser and getting https://automation.credence.in/login
2026-01-31 23:22:10,846 - INFO - test_Credkart_login_excel_ddt_004 - 48 - Entering the Email Credencetest@test.com11
2026-01-31 23:22:10,846 - INFO - test_Credkart_login_excel_ddt_004 - 48 - Entering the Email Credencetest@test.com11
2026-01-31 23:22:11,019 - INFO - test_Credkart_login_excel_ddt_004 - 50 - Entering the password
2026-01-31 23:22:11,019 - INFO - test_Credkart_login_excel_ddt_004 - 50 - Entering the password
2026-01-31 23:22:11,085 - INFO - test_Credkart_registration_003 - 199 - User registration successful and taking screenshot
2026-01-31 23:22:11,085 - INFO - test_Credkart_registration_003 - 199 - User registration successful and taking screenshot
2026-01-31 23:22:11,118 - INFO - test_Credkart_login_excel_ddt_004 - 52 - Clicking on login button
2026-01-31 23:22:11,118 - INFO - test_Credkart_login_excel_ddt_004 - 52 - Clicking on login button
2026-01-31 23:22:11,160 - INFO - test_Credkart_registration_003 - 204 - Clicking on menu button
2026-01-31 23:22:11,160 - INFO - test_Credkart_registration_003 - 204 - Clicking on menu button
2026-01-31 23:22:11,228 - INFO - test_Credkart_login_excel_ddt_004 - 54 - Checking the login status
2026-01-31 23:22:11,228 - INFO - test_Credkart_login_excel_ddt_004 - 54 - Checking the login status
2026-01-31 23:22:11,268 - INFO - test_Credkart_registration_003 - 206 - Clicking on logout button
2026-01-31 23:22:11,268 - INFO - test_Credkart_registration_003 - 206 - Clicking on logout button
2026-01-31 23:22:11,386 - INFO - test_Credkart_registration_003 - 215 - Testcase test_Credkart_registration_003 is completed
2026-01-31 23:22:11,386 - INFO - test_Credkart_registration_003 - 215 - Testcase test_Credkart_registration_003 is completed
2026-01-31 23:22:16,301 - INFO - test_Credkart_login_excel_ddt_004 - 68 - User login fail and taking screenshot
2026-01-31 23:22:16,301 - INFO - test_Credkart_login_excel_ddt_004 - 68 - User login fail and taking screenshot
2026-01-31 23:22:16,574 - INFO - test_Credkart_login_excel_ddt_004 - 43 - Opening browser and getting https://automation.credence.in/login
2026-01-31 23:22:16,574 - INFO - test_Credkart_login_excel_ddt_004 - 43 - Opening browser and getting https://automation.credence.in/login
2026-01-31 23:22:16,610 - INFO - test_Credkart_login_excel_ddt_004 - 48 - Entering the Email Credencetest@test.com
2026-01-31 23:22:16,610 - INFO - test_Credkart_login_excel_ddt_004 - 48 - Entering the Email Credencetest@test.com
2026-01-31 23:22:16,767 - INFO - test_Credkart_login_excel_ddt_004 - 50 - Entering the password
2026-01-31 23:22:16,767 - INFO - test_Credkart_login_excel_ddt_004 - 50 - Entering the password
2026-01-31 23:22:17,287 - INFO - test_Credkart_login_excel_ddt_004 - 52 - Clicking on login button
2026-01-31 23:22:17,287 - INFO - test_Credkart_login_excel_ddt_004 - 52 - Clicking on login button
2026-01-31 23:22:17,522 - INFO - test_Credkart_login_excel_ddt_004 - 54 - Checking the login status
2026-01-31 23:22:17,522 - INFO - test_Credkart_login_excel_ddt_004 - 54 - Checking the login status
2026-01-31 23:22:22,551 - INFO - test_Credkart_login_excel_ddt_004 - 68 - User login fail and taking screenshot
2026-01-31 23:22:22,551 - INFO - test_Credkart_login_excel_ddt_004 - 68 - User login fail and taking screenshot
2026-01-31 23:22:22,890 - INFO - test_Credkart_login_excel_ddt_004 - 43 - Opening browser and getting https://automation.credence.in/login
2026-01-31 23:22:22,890 - INFO - test_Credkart_login_excel_ddt_004 - 43 - Opening browser and getting https://automation.credence.in/login
2026-01-31 23:22:22,921 - INFO - test_Credkart_login_excel_ddt_004 - 48 - Entering the Email Credencetest@test.com11
2026-01-31 23:22:22,921 - INFO - test_Credkart_login_excel_ddt_004 - 48 - Entering the Email Credencetest@test.com11
2026-01-31 23:22:24,023 - INFO - test_Credkart_login_excel_ddt_004 - 50 - Entering the password
2026-01-31 23:22:24,023 - INFO - test_Credkart_login_excel_ddt_004 - 50 - Entering the password
2026-01-31 23:22:24,816 - INFO - test_Credkart_login_excel_ddt_004 - 52 - Clicking on login button
2026-01-31 23:22:24,816 - INFO - test_Credkart_login_excel_ddt_004 - 52 - Clicking on login button
2026-01-31 23:22:25,263 - INFO - test_Credkart_login_excel_ddt_004 - 54 - Checking the login status
2026-01-31 23:22:25,263 - INFO - test_Credkart_login_excel_ddt_004 - 54 - Checking the login status
2026-01-31 23:22:30,333 - INFO - test_Credkart_login_excel_ddt_004 - 68 - User login fail and taking screenshot
2026-01-31 23:22:30,333 - INFO - test_Credkart_login_excel_ddt_004 - 68 - User login fail and taking screenshot
2026-01-31 23:22:30,454 - INFO - test_Credkart_login_excel_ddt_004 - 86 - All the testcases are passed
2026-01-31 23:22:30,454 - INFO - test_Credkart_login_excel_ddt_004 - 86 - All the testcases are passed
2026-01-31 23:22:30,454 - INFO - test_Credkart_login_excel_ddt_004 - 91 - Testcase test_Credkart_login_excel_ddt_004 is completed
2026-01-31 23:22:30,454 - INFO - test_Credkart_login_excel_ddt_004 - 91 - Testcase test_Credkart_login_excel_ddt_004 is completed
2026-02-02 13:39:43,129 - INFO - test_verify_Credkart_url_001 - 66 - Testcase test_verify_Credkart_url_001 is started
2026-02-02 13:39:43,129 - INFO - test_verify_Credkart_url_001 - 66 - Testcase test_verify_Credkart_url_001 is started
2026-02-02 13:39:44,788 - INFO - test_Credkart_login_excel_ddt_004 - 34 - Testcase test_Credkart_login_excel_ddt_004 is started
2026-02-02 13:39:44,788 - INFO - test_Credkart_login_excel_ddt_004 - 34 - Testcase test_Credkart_login_excel_ddt_004 is started
2026-02-02 13:39:44,788 - INFO - test_Credkart_login_excel_ddt_004 - 36 - Reading data from excel
2026-02-02 13:39:44,788 - INFO - test_Credkart_login_excel_ddt_004 - 36 - Reading data from excel
2026-02-02 13:39:44,799 - INFO - test_Credkart_login_excel_ddt_004 - 38 - Number of rows in excel is 5
2026-02-02 13:39:44,799 - INFO - test_Credkart_login_excel_ddt_004 - 38 - Number of rows in excel is 5
2026-02-02 13:39:45,316 - INFO - test_Credkart_registration_003 - 174 - Testcase test_Credkart_registration_003 is started
2026-02-02 13:39:45,316 - INFO - test_Credkart_registration_003 - 174 - Testcase test_Credkart_registration_003 is started
2026-02-02 13:39:46,213 - INFO - test_Credkart_login_002 - 97 - Testcase test_Credkart_login_002 is started
2026-02-02 13:39:46,213 - INFO - test_Credkart_login_002 - 97 - Testcase test_Credkart_login_002 is started
2026-02-02 13:39:48,997 - INFO - test_verify_Credkart_url_001 - 68 - Opening browser and getting https://automation.credence.in/login
2026-02-02 13:39:48,997 - INFO - test_verify_Credkart_url_001 - 68 - Opening browser and getting https://automation.credence.in/login
2026-02-02 13:39:48,997 - INFO - test_verify_Credkart_url_001 - 69 - Checking driver title
2026-02-02 13:39:48,997 - INFO - test_verify_Credkart_url_001 - 69 - Checking driver title
2026-02-02 13:39:49,002 - INFO - test_verify_Credkart_url_001 - 71 - Testcase test_verify_Credkart_url_001 is passed
2026-02-02 13:39:49,002 - INFO - test_verify_Credkart_url_001 - 71 - Testcase test_verify_Credkart_url_001 is passed
2026-02-02 13:39:49,002 - INFO - test_verify_Credkart_url_001 - 72 - Taking screenshot
2026-02-02 13:39:49,002 - INFO - test_verify_Credkart_url_001 - 72 - Taking screenshot
2026-02-02 13:39:49,104 - INFO - test_verify_Credkart_url_001 - 83 - Testcase test_verify_Credkart_url_001 is completed
2026-02-02 13:39:49,104 - INFO - test_verify_Credkart_url_001 - 83 - Testcase test_verify_Credkart_url_001 is completed
2026-02-02 13:39:49,608 - INFO - test_Credkart_registration_003 - 176 - Opening browser and getting https://automation.credence.in/register
2026-02-02 13:39:49,608 - INFO - test_Credkart_registration_003 - 176 - Opening browser and getting https://automation.credence.in/register
2026-02-02 13:39:49,616 - INFO - test_Credkart_registration_003 - 179 - Generated fake data for username--> sophiajohnson and email --> bowenkayla@example.com
2026-02-02 13:39:49,616 - INFO - test_Credkart_registration_003 - 179 - Generated fake data for username--> sophiajohnson and email --> bowenkayla@example.com
2026-02-02 13:39:49,616 - INFO - test_Credkart_registration_003 - 183 - Entering the Username--> sophiajohnson
2026-02-02 13:39:49,616 - INFO - test_Credkart_registration_003 - 183 - Entering the Username--> sophiajohnson
2026-02-02 13:39:49,638 - INFO - test_Credkart_login_excel_ddt_004 - 43 - Opening browser and getting https://automation.credence.in/login
2026-02-02 13:39:49,638 - INFO - test_Credkart_login_excel_ddt_004 - 43 - Opening browser and getting https://automation.credence.in/login
2026-02-02 13:39:49,663 - INFO - test_Credkart_login_excel_ddt_004 - 48 - Entering the Email Credencetest@test.com
2026-02-02 13:39:49,663 - INFO - test_Credkart_login_excel_ddt_004 - 48 - Entering the Email Credencetest@test.com
2026-02-02 13:39:49,717 - INFO - test_Credkart_registration_003 - 186 - Entering the Email--> bowenkayla@example.com
2026-02-02 13:39:49,717 - INFO - test_Credkart_registration_003 - 186 - Entering the Email--> bowenkayla@example.com
2026-02-02 13:39:49,918 - INFO - test_Credkart_registration_003 - 189 - Entering the Password
2026-02-02 13:39:49,918 - INFO - test_Credkart_registration_003 - 189 - Entering the Password
2026-02-02 13:39:49,923 - INFO - test_Credkart_login_excel_ddt_004 - 50 - Entering the password
2026-02-02 13:39:49,923 - INFO - test_Credkart_login_excel_ddt_004 - 50 - Entering the password
2026-02-02 13:39:49,943 - INFO - test_Credkart_login_excel_ddt_004 - 52 - Clicking on login button
2026-02-02 13:39:49,943 - INFO - test_Credkart_login_excel_ddt_004 - 52 - Clicking on login button
2026-02-02 13:39:50,096 - INFO - test_Credkart_registration_003 - 192 - Entering the Confirm Password
2026-02-02 13:39:50,096 - INFO - test_Credkart_registration_003 - 192 - Entering the Confirm Password
2026-02-02 13:39:50,130 - INFO - test_Credkart_registration_003 - 195 - Clicking on register button
2026-02-02 13:39:50,130 - INFO - test_Credkart_registration_003 - 195 - Clicking on register button
2026-02-02 13:39:50,847 - INFO - test_Credkart_login_002 - 99 - Opening browser and getting https://automation.credence.in/login
2026-02-02 13:39:50,847 - INFO - test_Credkart_login_002 - 99 - Opening browser and getting https://automation.credence.in/login
2026-02-02 13:39:50,848 - INFO - test_Credkart_login_002 - 108 - Entering the Email Credencetest@test.com
2026-02-02 13:39:50,848 - INFO - test_Credkart_login_002 - 108 - Entering the Email Credencetest@test.com
2026-02-02 13:39:50,942 - INFO - test_Credkart_login_002 - 115 - Entering the password
2026-02-02 13:39:50,942 - INFO - test_Credkart_login_002 - 115 - Entering the password
2026-02-02 13:39:50,958 - INFO - test_Credkart_login_002 - 121 - Clicking on login button
2026-02-02 13:39:50,958 - INFO - test_Credkart_login_002 - 121 - Clicking on login button
2026-02-02 13:39:52,083 - INFO - test_Credkart_login_excel_ddt_004 - 54 - Checking the login status
2026-02-02 13:39:52,083 - INFO - test_Credkart_login_excel_ddt_004 - 54 - Checking the login status
2026-02-02 13:39:52,090 - INFO - test_Credkart_registration_003 - 199 - User registration successful and taking screenshot
2026-02-02 13:39:52,090 - INFO - test_Credkart_registration_003 - 199 - User registration successful and taking screenshot
2026-02-02 13:39:52,129 - INFO - test_Credkart_login_excel_ddt_004 - 56 - User login successful and taking screenshot
2026-02-02 13:39:52,129 - INFO - test_Credkart_login_excel_ddt_004 - 56 - User login successful and taking screenshot
2026-02-02 13:39:52,177 - INFO - test_Credkart_registration_003 - 204 - Clicking on menu button
2026-02-02 13:39:52,177 - INFO - test_Credkart_registration_003 - 204 - Clicking on menu button
2026-02-02 13:39:52,235 - INFO - test_Credkart_login_excel_ddt_004 - 61 - Clicking on menu button
2026-02-02 13:39:52,235 - INFO - test_Credkart_login_excel_ddt_004 - 61 - Clicking on menu button
2026-02-02 13:39:52,281 - INFO - test_Credkart_registration_003 - 206 - Clicking on logout button
2026-02-02 13:39:52,281 - INFO - test_Credkart_registration_003 - 206 - Clicking on logout button
2026-02-02 13:39:52,315 - INFO - test_Credkart_login_excel_ddt_004 - 63 - Clicking on logout button
2026-02-02 13:39:52,315 - INFO - test_Credkart_login_excel_ddt_004 - 63 - Clicking on logout button
2026-02-02 13:39:52,337 - INFO - test_Credkart_login_002 - 141 - Checking the login status
2026-02-02 13:39:52,337 - INFO - test_Credkart_login_002 - 141 - Checking the login status
2026-02-02 13:39:52,374 - INFO - test_Credkart_login_002 - 143 - User login successful and taking screenshot
2026-02-02 13:39:52,374 - INFO - test_Credkart_login_002 - 143 - User login successful and taking screenshot
2026-02-02 13:39:52,472 - INFO - test_Credkart_login_002 - 148 - Clicking on menu button
2026-02-02 13:39:52,472 - INFO - test_Credkart_login_002 - 148 - Clicking on menu button
2026-02-02 13:39:52,549 - INFO - test_Credkart_login_002 - 150 - Clicking on logout button
2026-02-02 13:39:52,549 - INFO - test_Credkart_login_002 - 150 - Clicking on logout button
2026-02-02 13:39:53,092 - INFO - test_Credkart_registration_003 - 215 - Testcase test_Credkart_registration_003 is completed
2026-02-02 13:39:53,092 - INFO - test_Credkart_registration_003 - 215 - Testcase test_Credkart_registration_003 is completed
2026-02-02 13:39:53,298 - INFO - test_Credkart_login_002 - 159 - Testcase test_Credkart_login_002 is completed
2026-02-02 13:39:53,298 - INFO - test_Credkart_login_002 - 159 - Testcase test_Credkart_login_002 is completed
2026-02-02 13:39:53,358 - INFO - test_Credkart_login_excel_ddt_004 - 43 - Opening browser and getting https://automation.credence.in/login
2026-02-02 13:39:53,358 - INFO - test_Credkart_login_excel_ddt_004 - 43 - Opening browser and getting https://automation.credence.in/login
2026-02-02 13:39:53,379 - INFO - test_Credkart_login_excel_ddt_004 - 48 - Entering the Email Credencetest@test.com11
2026-02-02 13:39:53,379 - INFO - test_Credkart_login_excel_ddt_004 - 48 - Entering the Email Credencetest@test.com11
2026-02-02 13:39:53,454 - INFO - test_Credkart_login_excel_ddt_004 - 50 - Entering the password
2026-02-02 13:39:53,454 - INFO - test_Credkart_login_excel_ddt_004 - 50 - Entering the password
2026-02-02 13:39:53,476 - INFO - test_Credkart_login_excel_ddt_004 - 52 - Clicking on login button
2026-02-02 13:39:53,476 - INFO - test_Credkart_login_excel_ddt_004 - 52 - Clicking on login button
2026-02-02 13:39:53,966 - INFO - test_Credkart_login_excel_ddt_004 - 54 - Checking the login status
2026-02-02 13:39:53,966 - INFO - test_Credkart_login_excel_ddt_004 - 54 - Checking the login status
2026-02-02 13:39:58,986 - INFO - test_Credkart_login_excel_ddt_004 - 68 - User login fail and taking screenshot
2026-02-02 13:39:58,986 - INFO - test_Credkart_login_excel_ddt_004 - 68 - User login fail and taking screenshot
2026-02-02 13:39:59,865 - INFO - test_Credkart_login_excel_ddt_004 - 43 - Opening browser and getting https://automation.credence.in/login
2026-02-02 13:39:59,865 - INFO - test_Credkart_login_excel_ddt_004 - 43 - Opening browser and getting https://automation.credence.in/login
2026-02-02 13:39:59,956 - INFO - test_Credkart_login_excel_ddt_004 - 48 - Entering the Email Credencetest@test.com
2026-02-02 13:39:59,956 - INFO - test_Credkart_login_excel_ddt_004 - 48 - Entering the Email Credencetest@test.com
2026-02-02 13:40:00,187 - INFO - test_Credkart_login_excel_ddt_004 - 50 - Entering the password
2026-02-02 13:40:00,187 - INFO - test_Credkart_login_excel_ddt_004 - 50 - Entering the password
2026-02-02 13:40:00,303 - INFO - test_Credkart_login_excel_ddt_004 - 52 - Clicking on login button
2026-02-02 13:40:00,303 - INFO - test_Credkart_login_excel_ddt_004 - 52 - Clicking on login button
2026-02-02 13:40:01,360 - INFO - test_Credkart_login_excel_ddt_004 - 54 - Checking the login status
2026-02-02 13:40:01,360 - INFO - test_Credkart_login_excel_ddt_004 - 54 - Checking the login status
2026-02-02 13:40:06,459 - INFO - test_Credkart_login_excel_ddt_004 - 68 - User login fail and taking screenshot
2026-02-02 13:40:06,459 - INFO - test_Credkart_login_excel_ddt_004 - 68 - User login fail and taking screenshot
2026-02-02 13:40:06,748 - INFO - test_Credkart_login_excel_ddt_004 - 43 - Opening browser and getting https://automation.credence.in/login
2026-02-02 13:40:06,748 - INFO - test_Credkart_login_excel_ddt_004 - 43 - Opening browser and getting https://automation.credence.in/login
2026-02-02 13:40:06,765 - INFO - test_Credkart_login_excel_ddt_004 - 48 - Entering the Email Credencetest@test.com11
2026-02-02 13:40:06,765 - INFO - test_Credkart_login_excel_ddt_004 - 48 - Entering the Email Credencetest@test.com11
2026-02-02 13:40:06,817 - INFO - test_Credkart_login_excel_ddt_004 - 50 - Entering the password
2026-02-02 13:40:06,817 - INFO - test_Credkart_login_excel_ddt_004 - 50 - Entering the password
2026-02-02 13:40:06,833 - INFO - test_Credkart_login_excel_ddt_004 - 52 - Clicking on login button
2026-02-02 13:40:06,833 - INFO - test_Credkart_login_excel_ddt_004 - 52 - Clicking on login button
2026-02-02 13:40:07,214 - INFO - test_Credkart_login_excel_ddt_004 - 54 - Checking the login status
2026-02-02 13:40:07,214 - INFO - test_Credkart_login_excel_ddt_004 - 54 - Checking the login status
2026-02-02 13:40:12,227 - INFO - test_Credkart_login_excel_ddt_004 - 68 - User login fail and taking screenshot
2026-02-02 13:40:12,227 - INFO - test_Credkart_login_excel_ddt_004 - 68 - User login fail and taking screenshot
2026-02-02 13:40:12,312 - INFO - test_Credkart_login_excel_ddt_004 - 86 - All the testcases are passed
2026-02-02 13:40:12,312 - INFO - test_Credkart_login_excel_ddt_004 - 86 - All the testcases are passed
2026-02-02 13:40:12,312 - INFO - test_Credkart_login_excel_ddt_004 - 91 - Testcase test_Credkart_login_excel_ddt_004 is completed
2026-02-02 13:40:12,312 - INFO - test_Credkart_login_excel_ddt_004 - 91 - Testcase test_Credkart_login_excel_ddt_004 is completed
2026-02-02 13:44:52,698 - INFO - test_Credkart_registration_003 - 174 - Testcase test_Credkart_registration_003 is started
2026-02-02 13:44:52,698 - INFO - test_Credkart_registration_003 - 174 - Testcase test_Credkart_registration_003 is started
2026-02-02 13:44:57,193 - INFO - test_verify_Credkart_url_001 - 66 - Testcase test_verify_Credkart_url_001 is started
2026-02-02 13:44:57,193 - INFO - test_verify_Credkart_url_001 - 66 - Testcase test_verify_Credkart_url_001 is started
2026-02-02 13:45:01,184 - INFO - test_Credkart_registration_003 - 176 - Opening browser and getting https://automation.credence.in/register
2026-02-02 13:45:01,184 - INFO - test_Credkart_registration_003 - 176 - Opening browser and getting https://automation.credence.in/register
2026-02-02 13:45:01,240 - INFO - test_Credkart_registration_003 - 179 - Generated fake data for username--> michaelgarcia and email --> amandashields@example.org
2026-02-02 13:45:01,240 - INFO - test_Credkart_registration_003 - 179 - Generated fake data for username--> michaelgarcia and email --> amandashields@example.org
2026-02-02 13:45:01,255 - INFO - test_Credkart_registration_003 - 183 - Entering the Username--> michaelgarcia
2026-02-02 13:45:01,255 - INFO - test_Credkart_registration_003 - 183 - Entering the Username--> michaelgarcia
2026-02-02 13:45:02,060 - INFO - test_Credkart_registration_003 - 186 - Entering the Email--> amandashields@example.org
2026-02-02 13:45:02,060 - INFO - test_Credkart_registration_003 - 186 - Entering the Email--> amandashields@example.org
2026-02-02 13:45:04,051 - INFO - test_Credkart_registration_003 - 189 - Entering the Password
2026-02-02 13:45:04,051 - INFO - test_Credkart_registration_003 - 189 - Entering the Password
2026-02-02 13:45:04,918 - INFO - test_verify_Credkart_url_001 - 68 - Opening browser and getting https://automation.credence.in/login
2026-02-02 13:45:04,918 - INFO - test_verify_Credkart_url_001 - 68 - Opening browser and getting https://automation.credence.in/login
2026-02-02 13:45:04,919 - INFO - test_verify_Credkart_url_001 - 69 - Checking driver title
2026-02-02 13:45:04,919 - INFO - test_verify_Credkart_url_001 - 69 - Checking driver title
2026-02-02 13:45:05,146 - INFO - test_verify_Credkart_url_001 - 71 - Testcase test_verify_Credkart_url_001 is passed
2026-02-02 13:45:05,146 - INFO - test_verify_Credkart_url_001 - 71 - Testcase test_verify_Credkart_url_001 is passed
2026-02-02 13:45:05,147 - INFO - test_verify_Credkart_url_001 - 72 - Taking screenshot
2026-02-02 13:45:05,147 - INFO - test_verify_Credkart_url_001 - 72 - Taking screenshot
2026-02-02 13:45:05,819 - INFO - test_Credkart_registration_003 - 192 - Entering the Confirm Password
2026-02-02 13:45:05,819 - INFO - test_Credkart_registration_003 - 192 - Entering the Confirm Password
2026-02-02 13:45:06,944 - INFO - test_Credkart_registration_003 - 195 - Clicking on register button
2026-02-02 13:45:06,944 - INFO - test_Credkart_registration_003 - 195 - Clicking on register button
2026-02-02 13:45:07,378 - INFO - test_verify_Credkart_url_001 - 83 - Testcase test_verify_Credkart_url_001 is completed
2026-02-02 13:45:07,378 - INFO - test_verify_Credkart_url_001 - 83 - Testcase test_verify_Credkart_url_001 is completed
2026-02-02 13:45:09,715 - INFO - test_Credkart_login_002 - 97 - Testcase test_Credkart_login_002 is started
2026-02-02 13:45:09,715 - INFO - test_Credkart_login_002 - 97 - Testcase test_Credkart_login_002 is started
2026-02-02 13:45:13,096 - INFO - test_Credkart_registration_003 - 199 - User registration successful and taking screenshot
2026-02-02 13:45:13,096 - INFO - test_Credkart_registration_003 - 199 - User registration successful and taking screenshot
2026-02-02 13:45:14,012 - INFO - test_Credkart_registration_003 - 204 - Clicking on menu button
2026-02-02 13:45:14,012 - INFO - test_Credkart_registration_003 - 204 - Clicking on menu button
2026-02-02 13:45:14,410 - INFO - test_Credkart_registration_003 - 206 - Clicking on logout button
2026-02-02 13:45:14,410 - INFO - test_Credkart_registration_003 - 206 - Clicking on logout button
2026-02-02 13:45:15,924 - INFO - test_Credkart_login_002 - 99 - Opening browser and getting https://automation.credence.in/login
2026-02-02 13:45:15,924 - INFO - test_Credkart_login_002 - 99 - Opening browser and getting https://automation.credence.in/login
2026-02-02 13:45:15,925 - INFO - test_Credkart_login_002 - 108 - Entering the Email Credencetest@test.com
2026-02-02 13:45:15,925 - INFO - test_Credkart_login_002 - 108 - Entering the Email Credencetest@test.com
2026-02-02 13:45:17,443 - INFO - test_Credkart_registration_003 - 215 - Testcase test_Credkart_registration_003 is completed
2026-02-02 13:45:17,443 - INFO - test_Credkart_registration_003 - 215 - Testcase test_Credkart_registration_003 is completed
2026-02-02 13:45:17,595 - INFO - test_Credkart_login_002 - 115 - Entering the password
2026-02-02 13:45:17,595 - INFO - test_Credkart_login_002 - 115 - Entering the password
2026-02-02 13:45:17,994 - INFO - test_Credkart_login_excel_ddt_004 - 34 - Testcase test_Credkart_login_excel_ddt_004 is started
2026-02-02 13:45:17,994 - INFO - test_Credkart_login_excel_ddt_004 - 34 - Testcase test_Credkart_login_excel_ddt_004 is started
2026-02-02 13:45:18,015 - INFO - test_Credkart_login_excel_ddt_004 - 36 - Reading data from excel
2026-02-02 13:45:18,015 - INFO - test_Credkart_login_excel_ddt_004 - 36 - Reading data from excel
2026-02-02 13:45:18,256 - INFO - test_Credkart_login_excel_ddt_004 - 38 - Number of rows in excel is 5
2026-02-02 13:45:18,256 - INFO - test_Credkart_login_excel_ddt_004 - 38 - Number of rows in excel is 5
2026-02-02 13:45:18,515 - INFO - test_Credkart_login_002 - 121 - Clicking on login button
2026-02-02 13:45:18,515 - INFO - test_Credkart_login_002 - 121 - Clicking on login button
2026-02-02 13:45:22,810 - INFO - test_Credkart_login_excel_ddt_004 - 43 - Opening browser and getting https://automation.credence.in/login
2026-02-02 13:45:22,810 - INFO - test_Credkart_login_excel_ddt_004 - 43 - Opening browser and getting https://automation.credence.in/login
2026-02-02 13:45:23,114 - INFO - test_Credkart_login_excel_ddt_004 - 48 - Entering the Email Credencetest@test.com
2026-02-02 13:45:23,114 - INFO - test_Credkart_login_excel_ddt_004 - 48 - Entering the Email Credencetest@test.com
2026-02-02 13:45:24,834 - INFO - test_Credkart_login_excel_ddt_004 - 50 - Entering the password
2026-02-02 13:45:24,834 - INFO - test_Credkart_login_excel_ddt_004 - 50 - Entering the password
2026-02-02 13:45:25,056 - INFO - test_Credkart_login_excel_ddt_004 - 52 - Clicking on login button
2026-02-02 13:45:25,056 - INFO - test_Credkart_login_excel_ddt_004 - 52 - Clicking on login button
2026-02-02 13:45:25,513 - INFO - test_Credkart_login_002 - 141 - Checking the login status
2026-02-02 13:45:25,513 - INFO - test_Credkart_login_002 - 141 - Checking the login status
2026-02-02 13:45:26,219 - INFO - test_Credkart_login_002 - 143 - User login successful and taking screenshot
2026-02-02 13:45:26,219 - INFO - test_Credkart_login_002 - 143 - User login successful and taking screenshot
2026-02-02 13:45:26,714 - INFO - test_Credkart_login_002 - 148 - Clicking on menu button
2026-02-02 13:45:26,714 - INFO - test_Credkart_login_002 - 148 - Clicking on menu button
2026-02-02 13:45:27,143 - INFO - test_Credkart_login_002 - 150 - Clicking on logout button
2026-02-02 13:45:27,143 - INFO - test_Credkart_login_002 - 150 - Clicking on logout button
2026-02-02 13:45:28,670 - INFO - test_Credkart_login_excel_ddt_004 - 54 - Checking the login status
2026-02-02 13:45:28,670 - INFO - test_Credkart_login_excel_ddt_004 - 54 - Checking the login status
2026-02-02 13:45:29,062 - INFO - test_Credkart_login_002 - 159 - Testcase test_Credkart_login_002 is completed
2026-02-02 13:45:29,062 - INFO - test_Credkart_login_002 - 159 - Testcase test_Credkart_login_002 is completed
2026-02-02 13:45:29,088 - INFO - test_Credkart_login_excel_ddt_004 - 56 - User login successful and taking screenshot
2026-02-02 13:45:29,088 - INFO - test_Credkart_login_excel_ddt_004 - 56 - User login successful and taking screenshot
2026-02-02 13:45:29,374 - INFO - test_Credkart_login_excel_ddt_004 - 61 - Clicking on menu button
2026-02-02 13:45:29,374 - INFO - test_Credkart_login_excel_ddt_004 - 61 - Clicking on menu button
2026-02-02 13:45:29,535 - INFO - test_Credkart_login_excel_ddt_004 - 63 - Clicking on logout button
2026-02-02 13:45:29,535 - INFO - test_Credkart_login_excel_ddt_004 - 63 - Clicking on logout button
2026-02-02 13:45:32,795 - INFO - test_Credkart_login_excel_ddt_004 - 43 - Opening browser and getting https://automation.credence.in/login
2026-02-02 13:45:32,795 - INFO - test_Credkart_login_excel_ddt_004 - 43 - Opening browser and getting https://automation.credence.in/login
2026-02-02 13:45:33,007 - INFO - test_Credkart_login_excel_ddt_004 - 48 - Entering the Email Credencetest@test.com11
2026-02-02 13:45:33,007 - INFO - test_Credkart_login_excel_ddt_004 - 48 - Entering the Email Credencetest@test.com11
2026-02-02 13:45:33,544 - INFO - test_Credkart_login_excel_ddt_004 - 50 - Entering the password
2026-02-02 13:45:33,544 - INFO - test_Credkart_login_excel_ddt_004 - 50 - Entering the password
2026-02-02 13:45:33,681 - INFO - test_Credkart_login_excel_ddt_004 - 52 - Clicking on login button
2026-02-02 13:45:33,681 - INFO - test_Credkart_login_excel_ddt_004 - 52 - Clicking on login button
2026-02-02 13:45:34,764 - INFO - test_Credkart_login_excel_ddt_004 - 54 - Checking the login status
2026-02-02 13:45:34,764 - INFO - test_Credkart_login_excel_ddt_004 - 54 - Checking the login status
2026-02-02 13:45:39,869 - INFO - test_Credkart_login_excel_ddt_004 - 68 - User login fail and taking screenshot
2026-02-02 13:45:39,869 - INFO - test_Credkart_login_excel_ddt_004 - 68 - User login fail and taking screenshot
2026-02-02 13:45:40,446 - INFO - test_Credkart_login_excel_ddt_004 - 43 - Opening browser and getting https://automation.credence.in/login
2026-02-02 13:45:40,446 - INFO - test_Credkart_login_excel_ddt_004 - 43 - Opening browser and getting https://automation.credence.in/login
2026-02-02 13:45:40,523 - INFO - test_Credkart_login_excel_ddt_004 - 48 - Entering the Email Credencetest@test.com
2026-02-02 13:45:40,523 - INFO - test_Credkart_login_excel_ddt_004 - 48 - Entering the Email Credencetest@test.com
2026-02-02 13:45:40,694 - INFO - test_Credkart_login_excel_ddt_004 - 50 - Entering the password
2026-02-02 13:45:40,694 - INFO - test_Credkart_login_excel_ddt_004 - 50 - Entering the password
2026-02-02 13:45:40,829 - INFO - test_Credkart_login_excel_ddt_004 - 52 - Clicking on login button
2026-02-02 13:45:40,829 - INFO - test_Credkart_login_excel_ddt_004 - 52 - Clicking on login button
2026-02-02 13:45:41,759 - INFO - test_Credkart_login_excel_ddt_004 - 54 - Checking the login status
2026-02-02 13:45:41,759 - INFO - test_Credkart_login_excel_ddt_004 - 54 - Checking the login status
2026-02-02 13:45:46,812 - INFO - test_Credkart_login_excel_ddt_004 - 68 - User login fail and taking screenshot
2026-02-02 13:45:46,812 - INFO - test_Credkart_login_excel_ddt_004 - 68 - User login fail and taking screenshot
2026-02-02 13:45:48,626 - INFO - test_Credkart_login_excel_ddt_004 - 43 - Opening browser and getting https://automation.credence.in/login
2026-02-02 13:45:48,626 - INFO - test_Credkart_login_excel_ddt_004 - 43 - Opening browser and getting https://automation.credence.in/login
2026-02-02 13:45:48,794 - INFO - test_Credkart_login_excel_ddt_004 - 48 - Entering the Email Credencetest@test.com11
2026-02-02 13:45:48,794 - INFO - test_Credkart_login_excel_ddt_004 - 48 - Entering the Email Credencetest@test.com11
2026-02-02 13:45:49,100 - INFO - test_Credkart_login_excel_ddt_004 - 50 - Entering the password
2026-02-02 13:45:49,100 - INFO - test_Credkart_login_excel_ddt_004 - 50 - Entering the password
2026-02-02 13:45:49,281 - INFO - test_Credkart_login_excel_ddt_004 - 52 - Clicking on login button
2026-02-02 13:45:49,281 - INFO - test_Credkart_login_excel_ddt_004 - 52 - Clicking on login button
2026-02-02 13:45:50,858 - INFO - test_Credkart_login_excel_ddt_004 - 54 - Checking the login status
2026-02-02 13:45:50,858 - INFO - test_Credkart_login_excel_ddt_004 - 54 - Checking the login status
2026-02-02 13:45:55,881 - INFO - test_Credkart_login_excel_ddt_004 - 68 - User login fail and taking screenshot
2026-02-02 13:45:55,881 - INFO - test_Credkart_login_excel_ddt_004 - 68 - User login fail and taking screenshot
2026-02-02 13:45:56,040 - INFO - test_Credkart_login_excel_ddt_004 - 86 - All the testcases are passed
2026-02-02 13:45:56,040 - INFO - test_Credkart_login_excel_ddt_004 - 86 - All the testcases are passed
2026-02-02 13:45:56,041 - INFO - test_Credkart_login_excel_ddt_004 - 91 - Testcase test_Credkart_login_excel_ddt_004 is completed
2026-02-02 13:45:56,041 - INFO - test_Credkart_login_excel_ddt_004 - 91 - Testcase test_Credkart_login_excel_ddt_004 is completed
2026-02-02 13:54:25,126 - INFO - test_verify_Credkart_url_001 - 66 - Testcase test_verify_Credkart_url_001 is started
2026-02-02 13:54:25,126 - INFO - test_verify_Credkart_url_001 - 66 - Testcase test_verify_Credkart_url_001 is started
2026-02-02 13:54:26,956 - INFO - test_verify_Credkart_url_001 - 68 - Opening browser and getting https://automation.credence.in/login
2026-02-02 13:54:26,956 - INFO - test_verify_Credkart_url_001 - 68 - Opening browser and getting https://automation.credence.in/login
2026-02-02 13:54:26,956 - INFO - test_verify_Credkart_url_001 - 69 - Checking driver title
2026-02-02 13:54:26,956 - INFO - test_verify_Credkart_url_001 - 69 - Checking driver title
2026-02-02 13:54:26,985 - INFO - test_verify_Credkart_url_001 - 71 - Testcase test_verify_Credkart_url_001 is passed
2026-02-02 13:54:26,985 - INFO - test_verify_Credkart_url_001 - 71 - Testcase test_verify_Credkart_url_001 is passed
2026-02-02 13:54:26,986 - INFO - test_verify_Credkart_url_001 - 72 - Taking screenshot
2026-02-02 13:54:26,986 - INFO - test_verify_Credkart_url_001 - 72 - Taking screenshot
2026-02-02 13:54:27,115 - INFO - test_verify_Credkart_url_001 - 83 - Testcase test_verify_Credkart_url_001 is completed
2026-02-02 13:54:27,115 - INFO - test_verify_Credkart_url_001 - 83 - Testcase test_verify_Credkart_url_001 is completed
2026-02-02 14:15:14,979 - INFO - test_verify_Credkart_url_001 - 66 - Testcase test_verify_Credkart_url_001 is started
2026-02-02 14:15:14,979 - INFO - test_verify_Credkart_url_001 - 66 - Testcase test_verify_Credkart_url_001 is started
2026-02-02 14:15:16,834 - INFO - test_verify_Credkart_url_001 - 68 - Opening browser and getting https://automation.credence.in/login
2026-02-02 14:15:16,834 - INFO - test_verify_Credkart_url_001 - 68 - Opening browser and getting https://automation.credence.in/login
2026-02-02 14:15:16,834 - INFO - test_verify_Credkart_url_001 - 69 - Checking driver title
2026-02-02 14:15:16,834 - INFO - test_verify_Credkart_url_001 - 69 - Checking driver title
2026-02-02 14:15:16,855 - INFO - test_verify_Credkart_url_001 - 71 - Testcase test_verify_Credkart_url_001 is passed
2026-02-02 14:15:16,855 - INFO - test_verify_Credkart_url_001 - 71 - Testcase test_verify_Credkart_url_001 is passed
2026-02-02 14:15:16,855 - INFO - test_verify_Credkart_url_001 - 72 - Taking screenshot
2026-02-02 14:15:16,855 - INFO - test_verify_Credkart_url_001 - 72 - Taking screenshot
2026-02-02 14:15:16,982 - INFO - test_verify_Credkart_url_001 - 83 - Testcase test_verify_Credkart_url_001 is completed
2026-02-02 14:15:16,982 - INFO - test_verify_Credkart_url_001 - 83 - Testcase test_verify_Credkart_url_001 is completed
